"stratum","ingredient_id","name","claim","value_shown_in_app","citation","citation_url","source_text","method","reviewer_check (ok / wrong / unclear)","reviewer_notes"
"A dosage","ing_2_ethyl_1_hexanol","2-ethyl-1-hexanol","threshold of concern","Acceptable Daily Intake set at 0.5 mg per kg of body weight per day (EFSA, 2012)","EFSA CEF Panel (2012). Scientific Opinion on Flavouring Group Evaluation 10, Revision 3 (FGE.10Rev3): Aliphatic primary and secondary saturated and unsaturated alcohols, aldehydes, acetals, carboxylic acids and esters containing an additional oxygenated functional group and lactones from chemical groups 9, 13 and 30. doi:10.2903/j.efsa.2012.2563","","2-Ethylhexanol: ADI 0.5 mg/kg bw/day — Remarks: 2-Acetylbutyric acid (the metabolite of the candidate substance ethyl 2-acetylbutyrate [FL-no: 09.824]) is structurally related to 2-ethylhexanol [FL-no: 02.082] for which the JECFA has established an ADI of 0.5 mg/kg bw/day (JECFA, 1993).","parsed: efsa_openfoodtox CAS 104-76-7; 10.2903/j.efsa.2012.2563","",""
"A dosage","ing_2_ethyl_1_hexanol","2-ethyl-1-hexanol","typical use","No typical-use figure on file yet.","","","","","",""
"A dosage","ing_acesulfame_k","Acesulfame potassium","threshold of concern","Acceptable Daily Intake set at 15 mg per kg of body weight per day (FDA)","US FDA — Acceptable Daily Intake 15 mg/kg body weight per day","","","","",""
"A dosage","ing_acesulfame_k","Acesulfame potassium","typical use","0.01–0.04% in soft drinks","","","{""threshold_of_concern"":""Acceptable Daily Intake set at 15 mg per kg of body weight per day (FDA)"",""typical_concentration_range"":""0.01–0.04% in soft drinks"",""product_type_context"":""ingested""}","seed: seed rakk-app/src/data/seed (ing_acesulfame_k)","",""
"A dosage","ing_advantame","Advantame","threshold of concern","Acceptable Daily Intake set at 5 mg per kg of body weight per day (EFSA, 2013)","EFSA ANS Panel (2013). Scientific Opinion on the safety of advantame for the proposed uses as a food additive. doi:10.2903/j.efsa.2013.3301","","Advantame: ADI 5 mg/kg bw/day — Remarks: Conservative estimates of advantame exposure for high level adults and children consumers were below the ADI for the proposed use levels.","parsed: efsa_openfoodtox CAS 714229-20-6; 10.2903/j.efsa.2013.3301","",""
"A dosage","ing_advantame","Advantame","typical use","No typical-use figure on file yet.","","","","","",""
"A dosage","ing_allyl_isothiocyanate","Allyl isothiocyanate","threshold of concern","Acceptable Daily Intake set at 0.02 mg per kg of body weight per day (EFSA, 2010)","EFSA ANS Panel (2010). Scientific Opinion on the safety of allyl isothiocyanate for the proposed uses as a food additive. doi:10.2903/j.efsa.2010.1943","","Allyl isothiocyanate: ADI ca. 0.02 mg/kg bw/day —","parsed: efsa_openfoodtox CAS 57-06-7; 10.2903/j.efsa.2010.1943","",""
"A dosage","ing_allyl_isothiocyanate","Allyl isothiocyanate","typical use","No typical-use figure on file yet.","","","","","",""
"A dosage","ing_annatto","Annatto extract","threshold of concern","Acceptable Daily Intake set at 0–12 mg per kg of body weight per day, as bixin (JECFA)","JECFA, evaluation of annatto extracts — ADI 0–12 mg/kg body weight as bixin","","","","",""
"A dosage","ing_annatto","Annatto extract","typical use","1–20 ppm in cheese, butter and snack coatings","","","{""threshold_of_concern"":""Acceptable Daily Intake set at 0–12 mg per kg of body weight per day, as bixin (JECFA)"",""typical_concentration_range"":""1–20 ppm in cheese, butter and snack coatings"",""product_type_context"":""ingested""}","seed: seed rakk-app/src/data/seed (ing_annatto)","",""
"A dosage","ing_ascorbic_acid","Ascorbic acid","threshold of concern","JECFA concluded no numerical Acceptable Daily Intake was needed (""ADI not specified"")","JECFA, evaluation of ascorbic acid and its salts — ADI not specified","","","","",""
"A dosage","ing_ascorbic_acid","Ascorbic acid","typical use","Varies widely; also added as a nutrient rather than only as an antioxidant","","","{""threshold_of_concern"":""JECFA concluded no numerical Acceptable Daily Intake was needed (\""ADI not specified\"")"",""typical_concentration_range"":""Varies widely; also added as a nutrient rather than only as an antioxidant"",""product_type_context"":""ingested""}","seed: seed rakk-app/src/data/seed (ing_ascorbic_acid)","",""
"A dosage","ing_aspartame","Aspartame","threshold of concern","Acceptable Daily Intake set at 50 mg per kg of body weight per day (FDA); 40 mg/kg in the EU","US FDA — Acceptable Daily Intake 50 mg/kg body weight per day ; EFSA — Acceptable Daily Intake 40 mg/kg body weight per day (2013)","","","","",""
"A dosage","ing_aspartame","Aspartame","typical use","0.02–0.06% in diet soft drinks","","","{""threshold_of_concern"":""Acceptable Daily Intake set at 50 mg per kg of body weight per day (FDA); 40 mg/kg in the EU"",""typical_concentration_range"":""0.02–0.06% in diet soft drinks"",""product_type_context"":""ingested""}","seed: seed rakk-app/src/data/seed (ing_aspartame)","",""
"A dosage","ing_benzoic_acid","Benzoic acid","threshold of concern","Acceptable Daily Intake set at 0–5 mg per kg of body weight per day (JECFA)","JECFA — ADI 0–5 mg/kg body weight, as benzoic acid","","","","",""
"A dosage","ing_benzoic_acid","Benzoic acid","typical use","0.05–0.1% in soft drinks and dressings","","","{""threshold_of_concern"":""Acceptable Daily Intake set at 0–5 mg per kg of body weight per day (JECFA)"",""typical_concentration_range"":""0.05–0.1% in soft drinks and dressings"",""product_type_context"":""ingested""}","seed: seed rakk-app/src/data/seed (ing_benzoic_acid)","",""
"A dosage","ing_benzyl_alcohol","Benzyl alcohol","threshold of concern","Acceptable Daily Intake set at 4 mg per kg of body weight per day (EFSA, 2019)","EFSA FAF Panel (2019). Re-evaluation of benzyl alcohol (E 1519) as food additive. doi:10.2903/j.efsa.2019.5876","","Benzyl alcohol: ADI 4 mg/kg bw/day — Remarks: Based on the toxicological database available, the Panel established the ADI of 4 mg/kg bw per day for benzyl alcohol (E 1519) and concluded that the exposure to benzyl alcohol (E 1519) does not raise a safety concern at the reported uses and use levels.","parsed: efsa_openfoodtox CAS 100-51-6; 10.2903/j.efsa.2019.5876","",""
"A dosage","ing_benzyl_alcohol","Benzyl alcohol","typical use","No typical-use figure on file yet.","","","","","",""
"A dosage","ing_beta_apo_8_carotenal","Beta-apo-8'-carotenal","threshold of concern","Acceptable Daily Intake set at 0.3 mg per kg of body weight per day (EFSA, 2013)","EFSA ANS Panel (2013). Scientific Opinion on the reconsideration of the ADI and a refined exposure assessment of beta-apo-8'-carotenal (E 160e). doi:10.2903/j.efsa.2014.3492","","Beta-apo-8'-carotenal (C 30): ADI 0.3 mg/kg bw/day — Remarks: The Panel considered an uncertainty factor of 100 as sufficient, not needing an extra adjusting factor due to the pivotal study being a subchronic study (and not a chronic study), given the fact that tubular injury was not observed in the two-year study at 40 mg/kg bw/day, the single dose tested.","parsed: efsa_openfoodtox CAS 1107-26-2; 10.2903/j.efsa.2014.3492","",""
"A dosage","ing_beta_apo_8_carotenal","Beta-apo-8'-carotenal","typical use","No typical-use figure on file yet.","","","","","",""
"A dosage","ing_beta_carotene","Beta-carotene","threshold of concern","Acceptable Daily Intake set at 0–5 mg per kg of body weight per day, as the sum of carotenoids (JECFA)","JECFA, evaluation of beta-carotene — ADI 0–5 mg/kg body weight","","","","",""
"A dosage","ing_beta_carotene","Beta-carotene","typical use","1–25 ppm as a colour","","","{""threshold_of_concern"":""Acceptable Daily Intake set at 0–5 mg per kg of body weight per day, as the sum of carotenoids (JECFA)"",""typical_concentration_range"":""1–25 ppm as a colour"",""product_type_context"":""ingested""}","seed: seed rakk-app/src/data/seed (ing_beta_carotene)","",""
"A dosage","ing_beta_cyclodextrin","Beta-cyclodextrin","threshold of concern","Acceptable Daily Intake set at up to 5 mg per kg of body weight per day (EFSA, 2016)","EFSA ANS Panel (2016). Re-evaluation of Beta-cyclodextrin (E 459) as a food additive. doi:10.2903/j.efsa.2016.4628","","Beta-cyclodextrin: ADI <= 5 mg/kg bw/day — Remarks: The Scientific Committee on Food (SCF) allocated an acceptable daily intake (ADI) of 0-5 mg/kg body weight (bw) per day to beta-cyclodextrin (E 459) in 1996. The Panel concluded that, based on the available toxicological database, there is no reason to revise the current ADI of 5 mg/kg bw per day for beta-cyclodextrin. Based on the available reported use and use levels, the Panel also concluded that the ADI was exceeded in the refined brand-loyal scenario (considered the most relevant scenario) in all population groups except for infants at the mean and in all population groups at the","parsed: efsa_openfoodtox CAS 7585-39-9; 10.2903/j.efsa.2016.4628","",""
"A dosage","ing_beta_cyclodextrin","Beta-cyclodextrin","typical use","No typical-use figure on file yet.","","","","","",""
"A dosage","ing_bha","BHA","threshold of concern","Acceptable Daily Intake set at 0–0.5 mg per kg of body weight per day (JECFA)","JECFA — ADI 0–0.5 mg/kg body weight","","","","",""
"A dosage","ing_bha","BHA","typical use","Up to 0.02% of the fat content in US food use","","","{""threshold_of_concern"":""Acceptable Daily Intake set at 0–0.5 mg per kg of body weight per day (JECFA)"",""typical_concentration_range"":""Up to 0.02% of the fat content in US food use"",""product_type_context"":""ingested""}","seed: seed rakk-app/src/data/seed (ing_bha)","",""
"A dosage","ing_bht","BHT","threshold of concern","Acceptable Daily Intake set at 0–0.3 mg per kg of body weight per day (JECFA)","JECFA — ADI 0–0.3 mg/kg body weight","","","","",""
"A dosage","ing_bht","BHT","typical use","Up to 0.02% of the fat content in US food use","","","{""threshold_of_concern"":""Acceptable Daily Intake set at 0–0.3 mg per kg of body weight per day (JECFA)"",""typical_concentration_range"":""Up to 0.02% of the fat content in US food use"",""product_type_context"":""ingested""}","seed: seed rakk-app/src/data/seed (ing_bht)","",""
"A dosage","ing_blue_1","FD&C Blue No. 1","threshold of concern","EFSA set an Acceptable Daily Intake of 6 mg per kg of body weight per day in its 2010 re-evaluation","EFSA ANS Panel, re-evaluation of Brilliant Blue FCF (E133), 2010","","","","",""
"A dosage","ing_blue_1","FD&C Blue No. 1","typical use","10–200 ppm depending on the product","","","{""threshold_of_concern"":""EFSA set an Acceptable Daily Intake of 6 mg per kg of body weight per day in its 2010 re-evaluation"",""typical_concentration_range"":""10–200 ppm depending on the product"",""product_type_context"":""ingested""}","seed: seed rakk-app/src/data/seed (ing_blue_1)","",""
"A dosage","ing_blue_2","FD&C Blue No. 2","threshold of concern","EFSA set an Acceptable Daily Intake of 5 mg per kg of body weight per day in its 2014 re-evaluation","EFSA ANS Panel, re-evaluation of indigo carmine (E132), 2014","","","","",""
"A dosage","ing_blue_2","FD&C Blue No. 2","typical use","10–200 ppm depending on the product","","","{""threshold_of_concern"":""EFSA set an Acceptable Daily Intake of 5 mg per kg of body weight per day in its 2014 re-evaluation"",""typical_concentration_range"":""10–200 ppm depending on the product"",""product_type_context"":""ingested""}","seed: seed rakk-app/src/data/seed (ing_blue_2)","",""
"A dosage","ing_calcium_benzoate","Calcium benzoate","threshold of concern","Acceptable Daily Intake set at 5 mg per kg of body weight per day (group ADI) (EFSA, 2016)","EFSA ANS Panel (2016). Scientific Opinion on the re-evaluation of benzoic acid (E 210), sodium benzoate (E 211), potassium benzoate (E 212) and calcium benzoate (E 213) as food additives. doi:10.2903/j.efsa.2016.4433","","Calcium benzoate: ADI 5 mg/kg bw/day — Group unit: equivalents; Comments: ADI (group); Remarks: The Panel derived a group ADI of 5 mg/kg bw per day, expressed as benzoic acid, for benzoic acid (E 210), sodium benzoate (E 211), potassium benzoate (E 212) and calcium benzoate (E 213).","parsed: efsa_openfoodtox CAS 2090-05-3; 10.2903/j.efsa.2016.4433","",""
"A dosage","ing_calcium_benzoate","Calcium benzoate","typical use","No typical-use figure on file yet.","","","","","",""
"A dosage","ing_calcium_propionate","Calcium propionate","threshold of concern","JECFA concluded no numerical Acceptable Daily Intake was needed (""ADI not specified"")","JECFA, evaluation of propionic acid and its salts — ADI not specified","","","","",""
"A dosage","ing_calcium_propionate","Calcium propionate","typical use","0.1–0.4% of flour weight in packaged bread","","","{""threshold_of_concern"":""JECFA concluded no numerical Acceptable Daily Intake was needed (\""ADI not specified\"")"",""typical_concentration_range"":""0.1–0.4% of flour weight in packaged bread"",""product_type_context"":""ingested""}","seed: seed rakk-app/src/data/seed (ing_calcium_propionate)","",""
"A dosage","ing_calcium_sorbate","Calcium sorbate","threshold of concern","Acceptable Daily Intake set at 0–25 mg per kg of body weight per day, as sorbic acid (JECFA)","JECFA, evaluation of sorbic acid and its salts — ADI 0–25 mg/kg body weight","","","","",""
"A dosage","ing_calcium_sorbate","Calcium sorbate","typical use","0.02–0.3% in cheese and baked goods","","","{""threshold_of_concern"":""Acceptable Daily Intake set at 0–25 mg per kg of body weight per day, as sorbic acid (JECFA)"",""typical_concentration_range"":""0.02–0.3% in cheese and baked goods"",""product_type_context"":""ingested""}","seed: seed rakk-app/src/data/seed (ing_calcium_sorbate)","",""
"A dosage","ing_calcium_stearoyl_2_lactylate","Calcium stearoyl-2-lactylate","threshold of concern","Acceptable Daily Intake set at 22 mg per kg of body weight per day (EFSA, 2013)","EFSA ANS Panel (2013). Scientific Opinion on the re-evaluation of sodium stearoyl-2-lactylate (E 481) and calcium stearoyl-2-lactylate (E 482) as food additives. doi:10.2903/j.efsa.2013.3144","","Calcium stearoyl-2-lactylate: ADI 22 mg/kg bw/day — Remarks: The Panel concluded that based on the NOAEL of 2200 mg/kg bw/day from a one-year toxicity study in rats and using an uncertainty factor of 100, an ADI of 22 mg/kg bw/day for sodium stearoyl-2-lactylate (E 481) and calcium stearoyl-2-lactylate (E 482), either singly or in combination, can be established. The estimated exposure to SSL and CSL occurs mainly via the consumption of flavoured fermented milk products including heat treated products, bread and rolls and fine bakery wares and is below the ADI of 22 mg/kg bw/day for all the adult population including the elderly, but exceeds th","parsed: efsa_openfoodtox CAS 5793-94-2; 10.2903/j.efsa.2013.3144","",""
"A dosage","ing_calcium_stearoyl_2_lactylate","Calcium stearoyl-2-lactylate","typical use","No typical-use figure on file yet.","","","","","",""
"A dosage","ing_canthaxanthin","Canthaxanthin","threshold of concern","Acceptable Daily Intake set at 0.03 mg per kg of body weight per day (EFSA, 2010)","EFSA ANS Panel (2010). Scientific Opinion on the re-evaluation of canthaxanthin (E 161 g) as a food additive. doi:10.2903/j.efsa.2010.1852","","Canthaxanthine: ADI 0.03 mg/kg bw/day — Remarks: The Panel derived a point of departure of 0.30 mg/kg bw/day and allocated an ADI of 0.03 mg/kg bw/day using an uncertainty factor of 10. This ADI is in line with the ADI derived previously by JECFA and the SCF.","parsed: efsa_openfoodtox CAS 514-78-3; 10.2903/j.efsa.2010.1852","",""
"A dosage","ing_canthaxanthin","Canthaxanthin","typical use","No typical-use figure on file yet.","","","","","",""
"A dosage","ing_caramel_color","Caramel color","threshold of concern","JECFA concluded no numerical Acceptable Daily Intake was needed for plain caramel (Class I); the ammonia and sulfite processes have their own limits","JECFA, evaluation of caramel colours — Class I ADI not specified","","","","",""
"A dosage","ing_caramel_color","Caramel color","typical use","50–5,000 ppm depending on the product","","","{""threshold_of_concern"":""JECFA concluded no numerical Acceptable Daily Intake was needed for plain caramel (Class I); the ammonia and sulfite processes have their own limits"",""typical_concentration_range"":""50–5,000 ppm depending on the product"",""product_type_context"":""ingested""}","seed: seed rakk-app/src/data/seed (ing_caramel_color)","",""
"A dosage","ing_carmine","Carmine","threshold of concern","Acceptable Daily Intake set at 0–5 mg per kg of body weight per day, as carminic acid (JECFA)","JECFA, evaluation of carmines — ADI 0–5 mg/kg body weight as carminic acid","","","","",""
"A dosage","ing_carmine","Carmine","typical use","10–500 ppm depending on the product","","","{""threshold_of_concern"":""Acceptable Daily Intake set at 0–5 mg per kg of body weight per day, as carminic acid (JECFA)"",""typical_concentration_range"":""10–500 ppm depending on the product"",""product_type_context"":""ingested""}","seed: seed rakk-app/src/data/seed (ing_carmine)","",""
"A dosage","ing_carrageenan","Carrageenan","threshold of concern","EFSA set an Acceptable Daily Intake of 75 mg per kg of body weight per day in its 2018 re-evaluation","EFSA ANS Panel, re-evaluation of carrageenan (E407) and processed Eucheuma seaweed (E407a), 2018","","","","",""
"A dosage","ing_carrageenan","Carrageenan","typical use","0.01–0.5% in dairy drinks and desserts","","","{""threshold_of_concern"":""EFSA set an Acceptable Daily Intake of 75 mg per kg of body weight per day in its 2018 re-evaluation"",""typical_concentration_range"":""0.01–0.5% in dairy drinks and desserts"",""product_type_context"":""ingested""}","seed: seed rakk-app/src/data/seed (ing_carrageenan)","",""
"A dosage","ing_citric_acid","Citric acid","threshold of concern","JECFA concluded no numerical Acceptable Daily Intake was needed (""ADI not specified"")","JECFA, evaluation of citric acid — ADI not specified","","","","",""
"A dosage","ing_citric_acid","Citric acid","typical use","0.1–1% in drinks and confectionery","","","{""threshold_of_concern"":""JECFA concluded no numerical Acceptable Daily Intake was needed (\""ADI not specified\"")"",""typical_concentration_range"":""0.1–1% in drinks and confectionery"",""product_type_context"":""ingested""}","seed: seed rakk-app/src/data/seed (ing_citric_acid)","",""
"A dosage","ing_cmc","Cellulose gum","threshold of concern","JECFA concluded no numerical Acceptable Daily Intake was needed (""ADI not specified"")","JECFA, evaluation of sodium carboxymethyl cellulose — ADI not specified","","","","",""
"A dosage","ing_cmc","Cellulose gum","typical use","0.1–0.5% in frozen desserts and drinks","","","{""threshold_of_concern"":""JECFA concluded no numerical Acceptable Daily Intake was needed (\""ADI not specified\"")"",""typical_concentration_range"":""0.1–0.5% in frozen desserts and drinks"",""product_type_context"":""ingested""}","seed: seed rakk-app/src/data/seed (ing_cmc)","",""
"A dosage","ing_cream_of_tartar","Cream of tartar","threshold of concern","Acceptable Daily Intake set at 240 mg per kg of body weight per day (group ADI) (EFSA, 2020)","EFSA FAF Panel (2020). Re-evaluation of L(+)-tartaric acid (E 334), sodium tartrates (E 335), potassium tartrates (E 336), potassium sodium tartrate (E 337) and calcium tartrate (E 354) as food additives. doi:10.2903/j.efsa.2020.6030","","Potassium acid tartrate: ADI 240 mg/kg bw/day — Group unit: equivalents; Comments: ADI (group); Remarks: The Panel concluded that the data on systemic availability were robust enough to derive a chemical-specific uncertainty factor instead of the usual default uncertainty factor of 100. Therefore, a total uncertainty factor of 10 was derived by applying a total interspecies uncertainty factor of 1 instead of 10, based on data showing lower internal exposure in humans compared to rats. The Panel established a group ADI for L(+)-tartaric acid and tartrates (E 334-337 and E 354) of 240 mg/kg bw per day, expressed as tartaric acid, by applying","parsed: efsa_openfoodtox CAS 868-14-4; 10.2903/j.efsa.2020.6030","",""
"A dosage","ing_cream_of_tartar","Cream of tartar","typical use","No typical-use figure on file yet.","","","null","seed: seed rakk-app/src/data/seed (ing_cream_of_tartar)","",""
"A dosage","ing_csl","Calcium stearoyl lactylate","threshold of concern","Group Acceptable Daily Intake set at 0–20 mg per kg of body weight per day for stearoyl lactylates (JECFA)","JECFA, evaluation of sodium and calcium stearoyl lactylates — group ADI 0–20 mg/kg body weight","","","","",""
"A dosage","ing_csl","Calcium stearoyl lactylate","typical use","Up to 0.5% of flour weight in baked goods","","","{""threshold_of_concern"":""Group Acceptable Daily Intake set at 0–20 mg per kg of body weight per day for stearoyl lactylates (JECFA)"",""typical_concentration_range"":""Up to 0.5% of flour weight in baked goods"",""product_type_context"":""ingested""}","seed: seed rakk-app/src/data/seed (ing_csl)","",""
"A dosage","ing_datem","DATEM","threshold of concern","Acceptable Daily Intake set at 0–50 mg per kg of body weight per day (JECFA)","JECFA, evaluation of diacetyl tartaric acid esters of mono- and diglycerides — ADI 0–50 mg/kg body weight","","","","",""
"A dosage","ing_datem","DATEM","typical use","0.2–0.6% of flour weight in bread","","","{""threshold_of_concern"":""Acceptable Daily Intake set at 0–50 mg per kg of body weight per day (JECFA)"",""typical_concentration_range"":""0.2–0.6% of flour weight in bread"",""product_type_context"":""ingested""}","seed: seed rakk-app/src/data/seed (ing_datem)","",""
"A dosage","ing_disodium_guanylate","Disodium guanylate","threshold of concern","JECFA concluded no numerical Acceptable Daily Intake was needed (""ADI not specified"")","JECFA, evaluation of guanylic acid and its salts — ADI not specified","","","","",""
"A dosage","ing_disodium_guanylate","Disodium guanylate","typical use","Typically under 0.1%, alongside glutamate","","","{""threshold_of_concern"":""JECFA concluded no numerical Acceptable Daily Intake was needed (\""ADI not specified\"")"",""typical_concentration_range"":""Typically under 0.1%, alongside glutamate"",""product_type_context"":""ingested""}","seed: seed rakk-app/src/data/seed (ing_disodium_guanylate)","",""
"A dosage","ing_disodium_inosinate","Disodium inosinate","threshold of concern","JECFA concluded no numerical Acceptable Daily Intake was needed (""ADI not specified"")","JECFA, evaluation of inosinic acid and its salts — ADI not specified","","","","",""
"A dosage","ing_disodium_inosinate","Disodium inosinate","typical use","Typically under 0.1%, alongside glutamate","","","{""threshold_of_concern"":""JECFA concluded no numerical Acceptable Daily Intake was needed (\""ADI not specified\"")"",""typical_concentration_range"":""Typically under 0.1%, alongside glutamate"",""product_type_context"":""ingested""}","seed: seed rakk-app/src/data/seed (ing_disodium_inosinate)","",""
"A dosage","ing_edta","Calcium disodium EDTA","threshold of concern","Acceptable Daily Intake set at 0–2.5 mg per kg of body weight per day (JECFA)","JECFA, evaluation of calcium disodium EDTA — ADI 0–2.5 mg/kg body weight","","","","",""
"A dosage","ing_edta","Calcium disodium EDTA","typical use","33–500 ppm in dressings, canned goods and soft drinks","","","{""threshold_of_concern"":""Acceptable Daily Intake set at 0–2.5 mg per kg of body weight per day (JECFA)"",""typical_concentration_range"":""33–500 ppm in dressings, canned goods and soft drinks"",""product_type_context"":""ingested""}","seed: seed rakk-app/src/data/seed (ing_edta)","",""
"A dosage","ing_erythorbic_acid","Erythorbic acid","threshold of concern","JECFA concluded no numerical Acceptable Daily Intake was needed (""ADI not specified"")","JECFA, evaluation of erythorbic acid — ADI not specified","","","","",""
"A dosage","ing_erythorbic_acid","Erythorbic acid","typical use","0.05–0.1% in cured meats","","","{""threshold_of_concern"":""JECFA concluded no numerical Acceptable Daily Intake was needed (\""ADI not specified\"")"",""typical_concentration_range"":""0.05–0.1% in cured meats"",""product_type_context"":""ingested""}","seed: seed rakk-app/src/data/seed (ing_erythorbic_acid)","",""
"A dosage","ing_erythritol","Erythritol","threshold of concern","JECFA concluded no numerical Acceptable Daily Intake was needed (""ADI not specified"")","JECFA, evaluation of erythritol — ADI not specified","","","","",""
"A dosage","ing_erythritol","Erythritol","typical use","Up to 30% in sugar-free confectionery and drinks","","","{""threshold_of_concern"":""JECFA concluded no numerical Acceptable Daily Intake was needed (\""ADI not specified\"")"",""typical_concentration_range"":""Up to 30% in sugar-free confectionery and drinks"",""product_type_context"":""ingested""}","seed: seed rakk-app/src/data/seed (ing_erythritol)","",""
"A dosage","ing_fd_c_red_no_2_delisted","FD&C Red No. 2--delisted","threshold of concern","Acceptable Daily Intake set at 0.15 mg per kg of body weight per day (EFSA, 2010)","EFSA ANS Panel (2010). Scientific Opinion on the re-evaluation of Amaranth (E 123) as a food additive. doi:10.2903/j.efsa.2010.1649","","Amaranth: ADI 0.15 mg/kg bw/day —","parsed: efsa_openfoodtox CAS 915-67-3; 10.2903/j.efsa.2010.1649","",""
"A dosage","ing_fd_c_red_no_2_delisted","FD&C Red No. 2--delisted","typical use","No typical-use figure on file yet.","","","","","",""
"A dosage","ing_furfural","Furfural","threshold of concern","Acceptable Daily Intake set at 0.5 mg per kg of body weight per day (EFSA, 2004)","EFSA AFC Panel (2004). Opinion of the Scientific Panel on Food Additives, Flavourings, Processing Aids and Materials in Contact with Food on a request from the Commission related to Furfural and Furfural Diethylacetal. doi:10.2903/j.efsa.2004.67","","Furfural: ADI 0.5 mg/kg bw/day — Remarks: The Panel concluded that furfural did not exhibit genotoxicity in vivo in male mice, the species and sex which displayed an increased tumour incidence in long-term studies and that the tumours arose by a secondary mechanism consequent on hepatotoxicity","parsed: efsa_openfoodtox CAS 98-01-1; 10.2903/j.efsa.2004.67","",""
"A dosage","ing_furfural","Furfural","typical use","No typical-use figure on file yet.","","","","","",""
"A dosage","ing_gellan_gum","Gellan gum","threshold of concern","JECFA concluded no numerical Acceptable Daily Intake was needed (""ADI not specified"")","JECFA, evaluation of gellan gum — ADI not specified","","","","",""
"A dosage","ing_gellan_gum","Gellan gum","typical use","0.01–0.1% in plant milks and jellies","","","{""threshold_of_concern"":""JECFA concluded no numerical Acceptable Daily Intake was needed (\""ADI not specified\"")"",""typical_concentration_range"":""0.01–0.1% in plant milks and jellies"",""product_type_context"":""ingested""}","seed: seed rakk-app/src/data/seed (ing_gellan_gum)","",""
"A dosage","ing_guar_gum","Guar gum","threshold of concern","JECFA concluded no numerical Acceptable Daily Intake was needed (""ADI not specified"")","JECFA, evaluation of guar gum — ADI not specified","","","","",""
"A dosage","ing_guar_gum","Guar gum","typical use","0.1–1% in ice cream and sauces","","","{""threshold_of_concern"":""JECFA concluded no numerical Acceptable Daily Intake was needed (\""ADI not specified\"")"",""typical_concentration_range"":""0.1–1% in ice cream and sauces"",""product_type_context"":""ingested""}","seed: seed rakk-app/src/data/seed (ing_guar_gum)","",""
"A dosage","ing_gum_arabic","Gum arabic","threshold of concern","JECFA concluded no numerical Acceptable Daily Intake was needed (""ADI not specified"")","JECFA, evaluation of gum arabic (acacia gum) — ADI not specified","","","","",""
"A dosage","ing_gum_arabic","Gum arabic","typical use","0.1–2% in soft drinks and confectionery coatings","","","{""threshold_of_concern"":""JECFA concluded no numerical Acceptable Daily Intake was needed (\""ADI not specified\"")"",""typical_concentration_range"":""0.1–2% in soft drinks and confectionery coatings"",""product_type_context"":""ingested""}","seed: seed rakk-app/src/data/seed (ing_gum_arabic)","",""
"A dosage","ing_isopropyl_alcohol","Isopropyl alcohol","threshold of concern","Acceptable Daily Intake set at 2.4 mg per kg of body weight per day (EFSA, 2005)","EFSA AFC Panel (2005). Opinion of the Scientific Panel on Food Additives, Flavourings, Processing Aids and Materials in Contact with Food on a request from the Commission related to Propan-2-ol as a carrier solvent for Flavourings. doi:10.2903/j.efsa.2005.202","","Isopropyl alcohol: ADI 2.4 mg/kg bw/day —","parsed: efsa_openfoodtox CAS 67-63-0; 10.2903/j.efsa.2005.202","",""
"A dosage","ing_isopropyl_alcohol","Isopropyl alcohol","typical use","No typical-use figure on file yet.","","","","","",""
"A dosage","ing_l_glutamic_acid","L-glutamic acid","threshold of concern","Acceptable Daily Intake set at 30 mg per kg of body weight per day (group ADI) (EFSA, 2017)","EFSA ANS Panel (2017). Re-evaluation of glutamic acid (E 620), sodium glutamate (E 621), potassium glutamate (E 622), calcium glutamate (E 623), ammonium glutamate (E 624) and magnesium glutamate (E 625) as food additives. doi:10.2903/j.efsa.2017.4910","","Glutamic acid: ADI 30 mg/kg bw/day — Comments: ADI (group); Remarks: Based on the NOAEL of 3,200 mg monosodium glutamate/kg bw per day from the neurodevelopmental toxicity study and applying the default uncertainty factor of 100, the Panel derived a group acceptable daily intake (ADI) of 30 mg/kg bw per day, expressed as glutamic acid, for glutamic acid and glutamates (E 620-625). The Panel noted that the exposure to glutamic acid and glutamates (E 620-625) exceeded not only the proposed ADI, but also doses associated with adverse effects in humans for some population groups.","parsed: efsa_openfoodtox CAS 56-86-0; 10.2903/j.efsa.2017.4910","",""
"A dosage","ing_l_glutamic_acid","L-glutamic acid","typical use","No typical-use figure on file yet.","","","","","",""
"A dosage","ing_lecithin","Lecithin","threshold of concern","JECFA concluded no numerical Acceptable Daily Intake was needed (""ADI not specified"")","JECFA, evaluation of lecithin — ADI not specified","","","","",""
"A dosage","ing_lecithin","Lecithin","typical use","0.1–0.5% in chocolate and baked goods","","","{""threshold_of_concern"":""JECFA concluded no numerical Acceptable Daily Intake was needed (\""ADI not specified\"")"",""typical_concentration_range"":""0.1–0.5% in chocolate and baked goods"",""product_type_context"":""ingested""}","seed: seed rakk-app/src/data/seed (ing_lecithin)","",""
"A dosage","ing_maltitol","Maltitol","threshold of concern","No numerical Acceptable Daily Intake; in the EU, products above 10% must state that excess may have a laxative effect","JECFA, evaluation of maltitol — ADI not specified ; EU Regulation 1333/2008, Annex III labelling requirement","","","","",""
"A dosage","ing_maltitol","Maltitol","typical use","Up to 50% in sugar-free chocolate","","","{""threshold_of_concern"":""No numerical Acceptable Daily Intake; in the EU, products above 10% must state that excess may have a laxative effect"",""typical_concentration_range"":""Up to 50% in sugar-free chocolate"",""product_type_context"":""ingested""}","seed: seed rakk-app/src/data/seed (ing_maltitol)","",""
"A dosage","ing_mono_diglycerides","Mono- and diglycerides","threshold of concern","JECFA concluded no numerical Acceptable Daily Intake was needed (""ADI not specified"")","JECFA, evaluation of mono- and diglycerides of fatty acids — ADI not specified","","","","",""
"A dosage","ing_mono_diglycerides","Mono- and diglycerides","typical use","0.2–1% in baked goods","","","{""threshold_of_concern"":""JECFA concluded no numerical Acceptable Daily Intake was needed (\""ADI not specified\"")"",""typical_concentration_range"":""0.2–1% in baked goods"",""product_type_context"":""ingested""}","seed: seed rakk-app/src/data/seed (ing_mono_diglycerides)","",""
"A dosage","ing_monoammonium_glutamate","Monoammonium glutamate","threshold of concern","Acceptable Daily Intake set at 30 mg per kg of body weight per day (group ADI) (EFSA, 2017)","EFSA ANS Panel (2017). Re-evaluation of glutamic acid (E 620), sodium glutamate (E 621), potassium glutamate (E 622), calcium glutamate (E 623), ammonium glutamate (E 624) and magnesium glutamate (E 625) as food additives. doi:10.2903/j.efsa.2017.4910","","Monoammonium L-glutamate: ADI 30 mg/kg bw/day — Group unit: equivalents; Comments: ADI (group); Remarks: Based on the NOAEL of 3,200 mg monosodium glutamate/kg bw per day from the neurodevelopmental toxicity study and applying the default uncertainty factor of 100, the Panel derived a group acceptable daily intake (ADI) of 30 mg/kg bw per day, expressed as glutamic acid, for glutamic acid and glutamates (E 620-625). The Panel noted that the exposure to glutamic acid and glutamates (E 620-625) exceeded not only the proposed ADI, but also doses associated with adverse effects in humans for some population groups.","parsed: efsa_openfoodtox CAS 7558-63-6; 10.2903/j.efsa.2017.4910","",""
"A dosage","ing_monoammonium_glutamate","Monoammonium glutamate","typical use","No typical-use figure on file yet.","","","","","",""
"A dosage","ing_monopotassium_glutamate","Monopotassium glutamate","threshold of concern","Acceptable Daily Intake set at 30 mg per kg of body weight per day (group ADI) (EFSA, 2017)","EFSA ANS Panel (2017). Re-evaluation of glutamic acid (E 620), sodium glutamate (E 621), potassium glutamate (E 622), calcium glutamate (E 623), ammonium glutamate (E 624) and magnesium glutamate (E 625) as food additives. doi:10.2903/j.efsa.2017.4910","","Monopotassium L-glutamate: ADI 30 mg/kg bw/day — Group unit: equivalents; Comments: ADI (group); Remarks: Based on the NOAEL of 3,200 mg monosodium glutamate/kg bw per day from the neurodevelopmental toxicity study and applying the default uncertainty factor of 100, the Panel derived a group acceptable daily intake (ADI) of 30 mg/kg bw per day, expressed as glutamic acid, for glutamic acid and glutamates (E 620-625). The Panel noted that the exposure to glutamic acid and glutamates (E 620-625) exceeded not only the proposed ADI, but also doses associated with adverse effects in humans for some population groups.","parsed: efsa_openfoodtox CAS 19473-49-5; 10.2903/j.efsa.2017.4910","",""
"A dosage","ing_monopotassium_glutamate","Monopotassium glutamate","typical use","No typical-use figure on file yet.","","","","","",""
"A dosage","ing_msg","Monosodium glutamate","threshold of concern","JECFA concluded no numerical Acceptable Daily Intake was needed (""ADI not specified"")","JECFA, evaluation of L-glutamic acid and its salts — ADI not specified","","","","",""
"A dosage","ing_msg","Monosodium glutamate","typical use","0.1–0.8% in savoury products","","","{""threshold_of_concern"":""JECFA concluded no numerical Acceptable Daily Intake was needed (\""ADI not specified\"")"",""typical_concentration_range"":""0.1–0.8% in savoury products"",""product_type_context"":""ingested""}","seed: seed rakk-app/src/data/seed (ing_msg)","",""
"A dosage","ing_natamycin","Natamycin","threshold of concern","Acceptable Daily Intake set at 0–0.3 mg per kg of body weight per day (JECFA)","JECFA, evaluation of natamycin (pimaricin) — ADI 0–0.3 mg/kg body weight","","","","",""
"A dosage","ing_natamycin","Natamycin","typical use","Applied to the surface only, typically under 20 mg per kg of cheese rind","","","{""threshold_of_concern"":""Acceptable Daily Intake set at 0–0.3 mg per kg of body weight per day (JECFA)"",""typical_concentration_range"":""Applied to the surface only, typically under 20 mg per kg of cheese rind"",""product_type_context"":""ingested""}","seed: seed rakk-app/src/data/seed (ing_natamycin)","",""
"A dosage","ing_neohesperidin_dihydrochalcone","Neohesperidin dihydrochalcone","threshold of concern","Acceptable Daily Intake set at 5 mg per kg of body weight per day (EFSA, 2010)","EFSA CEF Panel (2010). Flavouring Group Evaluation 32 (FGE.32): Flavonoids (Flavanones and dihydrochalcones) from chemical groups 25 and 30. doi:10.2903/j.efsa.2010.1065","","Neohesperidine DC: ADI 5 mg/kg bw/day — Remarks: The SCF decided to use allocated an ADI of 5 mg/kg bw/day for neohesperidin dihydrochalcone [FL-no: 16.061] (SCF, 1989).","parsed: efsa_openfoodtox CAS 20702-77-6; 10.2903/j.efsa.2010.1065","",""
"A dosage","ing_neohesperidin_dihydrochalcone","Neohesperidin dihydrochalcone","typical use","No typical-use figure on file yet.","","","","","",""
"A dosage","ing_neotame","Neotame","threshold of concern","Acceptable Daily Intake set at 0–2 mg per kg of body weight per day (JECFA)","JECFA, evaluation of neotame — ADI 0–2 mg/kg body weight","","","","",""
"A dosage","ing_neotame","Neotame","typical use","Used in very small amounts; far sweeter than aspartame","","","{""threshold_of_concern"":""Acceptable Daily Intake set at 0–2 mg per kg of body weight per day (JECFA)"",""typical_concentration_range"":""Used in very small amounts; far sweeter than aspartame"",""product_type_context"":""ingested""}","seed: seed rakk-app/src/data/seed (ing_neotame)","",""
"A dosage","ing_nisin","Nisin","threshold of concern","Acceptable Daily Intake set at 0.13 mg per kg of body weight per day (EFSA, 2006)","EFSA AFC Panel (2006). Opinion of the Scientific Panel on Food Additives, Flavourings, Processing Aids and Materials in Contact with Food on the safety in use of nisin as a food additive in an additional category of liquid eggs and on the safety of nisin produced using a modified production process as a food additive. doi:10.2903/j.efsa.2006.314b","","Nisin: ADI 0.13 mg/kg bw/day — Remarks: The Panel concluded that the previously established ADI of 0.13 mg nisin/kg bw is also valid for the nisin produced by the modified process. The Panel also concluded that the modified manufacturing and extraction process based upon fermentation of a sugar medium as a replacement for the milk medium would avoid a risk to individuals allergic to milk products, and that the additional use of nisin in liquid eggs is not of safety concern.","parsed: efsa_openfoodtox CAS 1414-45-5; 10.2903/j.efsa.2006.314b","",""
"A dosage","ing_nisin","Nisin","typical use","No typical-use figure on file yet.","","","null","seed: seed rakk-app/src/data/seed (ing_nisin)","",""
"A dosage","ing_paprika_extract","Paprika extract","threshold of concern","Acceptable Daily Intake set at 0.5 mg per kg of body weight per day (EFSA, 2010)","EFSA ANS Panel (2010). Statement on the divergence between the risk assessment of lycopene by EFSA and the Joint FAO/WHO Expert Committee on Food Additives(JECFA). doi:10.2903/j.efsa.2010.1676","","Lycopene: ADI 0.5 mg/kg bw/day — Remarks: In 2009 JECFA reviewed its opinion on lycopene and decided to revise the group ADI established and replace it with a group ADI “not specified” for lycopene from all sources when used as food colour. Hence, the previous group ADI of 0-0.5 mg/kg for lycopene has been withdrawn. The ANS Panel agrees with the evaluation of the one year rat study by the AFC Panel, and the NOAEL of 50 mg/kg bw/day identified from that study based on a non-reversible increase in alanine transaminase (ALT) at the higher dose level. From this NOAEL ADI of 0.5 mg/kg bw/day was set by EFSA.","parsed: efsa_openfoodtox CAS 502-65-8; 10.2903/j.efsa.2010.1676","",""
"A dosage","ing_paprika_extract","Paprika extract","typical use","No typical-use figure on file yet.","","","null","seed: seed rakk-app/src/data/seed (ing_paprika_extract)","",""
"A dosage","ing_pectin","Pectin","threshold of concern","JECFA concluded no numerical Acceptable Daily Intake was needed (""ADI not specified"")","JECFA, evaluation of pectins — ADI not specified","","","","",""
"A dosage","ing_pectin","Pectin","typical use","0.5–1.5% in jams and fruit fillings","","","{""threshold_of_concern"":""JECFA concluded no numerical Acceptable Daily Intake was needed (\""ADI not specified\"")"",""typical_concentration_range"":""0.5–1.5% in jams and fruit fillings"",""product_type_context"":""ingested""}","seed: seed rakk-app/src/data/seed (ing_pectin)","",""
"A dosage","ing_pgpr","Polyglycerol polyricinoleate","threshold of concern","Acceptable Daily Intake set at 0–7.5 mg per kg of body weight per day (JECFA)","JECFA, evaluation of polyglycerol polyricinoleate — ADI 0–7.5 mg/kg body weight","","","","",""
"A dosage","ing_pgpr","Polyglycerol polyricinoleate","typical use","Up to 0.5% in chocolate, and commonly far less","","","{""threshold_of_concern"":""Acceptable Daily Intake set at 0–7.5 mg per kg of body weight per day (JECFA)"",""typical_concentration_range"":""Up to 0.5% in chocolate, and commonly far less"",""product_type_context"":""ingested""}","seed: seed rakk-app/src/data/seed (ing_pgpr)","",""
"A dosage","ing_phosphoric_acid","Phosphoric acid","threshold of concern","EFSA set a group Acceptable Daily Intake for phosphates of 40 mg per kg of body weight per day, expressed as phosphorus (2019)","EFSA, re-evaluation of phosphoric acid and phosphates (E338–E341, E343, E450–E452), 2019","","","","",""
"A dosage","ing_phosphoric_acid","Phosphoric acid","typical use","0.03–0.06% in cola drinks","","","{""threshold_of_concern"":""EFSA set a group Acceptable Daily Intake for phosphates of 40 mg per kg of body weight per day, expressed as phosphorus (2019)"",""typical_concentration_range"":""0.03–0.06% in cola drinks"",""product_type_context"":""ingested""}","seed: seed rakk-app/src/data/seed (ing_phosphoric_acid)","",""
"A dosage","ing_polydextrose","Polydextrose","threshold of concern","JECFA concluded no numerical Acceptable Daily Intake was needed (""ADI not specified"")","JECFA, evaluation of polydextrose — ADI not specified","","","","",""
"A dosage","ing_polydextrose","Polydextrose","typical use","Up to 10% as a bulking agent; large amounts may have a laxative effect","","","{""threshold_of_concern"":""JECFA concluded no numerical Acceptable Daily Intake was needed (\""ADI not specified\"")"",""typical_concentration_range"":""Up to 10% as a bulking agent; large amounts may have a laxative effect"",""product_type_context"":""ingested""}","seed: seed rakk-app/src/data/seed (ing_polydextrose)","",""
"A dosage","ing_polyglycerol_esters","Polyglycerol esters of fatty acids","threshold of concern","Acceptable Daily Intake set at 0–25 mg per kg of body weight per day (JECFA)","JECFA, evaluation of polyglycerol esters of fatty acids — ADI 0–25 mg/kg body weight","","","","",""
"A dosage","ing_polyglycerol_esters","Polyglycerol esters of fatty acids","typical use","0.2–1% in cake batters and aerated toppings","","","{""threshold_of_concern"":""Acceptable Daily Intake set at 0–25 mg per kg of body weight per day (JECFA)"",""typical_concentration_range"":""0.2–1% in cake batters and aerated toppings"",""product_type_context"":""ingested""}","seed: seed rakk-app/src/data/seed (ing_polyglycerol_esters)","",""
"A dosage","ing_polysorbate_60","Polysorbate 60","threshold of concern","Group Acceptable Daily Intake set at 0–25 mg per kg of body weight per day for polysorbates (JECFA)","JECFA, evaluation of polyoxyethylene sorbitan esters — group ADI 0–25 mg/kg body weight","","","","",""
"A dosage","ing_polysorbate_60","Polysorbate 60","typical use","Up to 0.4% in whipped toppings and icings","","","{""threshold_of_concern"":""Group Acceptable Daily Intake set at 0–25 mg per kg of body weight per day for polysorbates (JECFA)"",""typical_concentration_range"":""Up to 0.4% in whipped toppings and icings"",""product_type_context"":""ingested""}","seed: seed rakk-app/src/data/seed (ing_polysorbate_60)","",""
"A dosage","ing_polysorbate_80","Polysorbate 80","threshold of concern","Group Acceptable Daily Intake set at 0–25 mg per kg of body weight per day for polysorbates (JECFA)","JECFA, evaluation of polyoxyethylene sorbitan esters — group ADI 0–25 mg/kg body weight","","","","",""
"A dosage","ing_polysorbate_80","Polysorbate 80","typical use","Up to 0.1% in ice cream and dressings","","","{""threshold_of_concern"":""Group Acceptable Daily Intake set at 0–25 mg per kg of body weight per day for polysorbates (JECFA)"",""typical_concentration_range"":""Up to 0.1% in ice cream and dressings"",""product_type_context"":""ingested""}","seed: seed rakk-app/src/data/seed (ing_polysorbate_80)","",""
"A dosage","ing_potassium_benzoate","Potassium benzoate","threshold of concern","Acceptable Daily Intake set at 0–5 mg per kg of body weight per day, as benzoic acid (JECFA)","JECFA — ADI 0–5 mg/kg body weight, as benzoic acid ; JECFA, evaluation of benzoic acid and its salts — ADI 0–5 mg/kg body weight","","","","",""
"A dosage","ing_potassium_benzoate","Potassium benzoate","typical use","0.05–0.1% in soft drinks and dressings","","","{""threshold_of_concern"":""Acceptable Daily Intake set at 0–5 mg per kg of body weight per day, as benzoic acid (JECFA)"",""typical_concentration_range"":""0.05–0.1% in soft drinks and dressings"",""product_type_context"":""ingested""}","seed: seed rakk-app/src/data/seed (ing_potassium_benzoate)","",""
"A dosage","ing_potassium_metabisulfite","Potassium metabisulfite","threshold of concern","Acceptable Daily Intake set at 0–0.7 mg per kg of body weight per day, as sulfur dioxide (JECFA)","JECFA, evaluation of sulfur dioxide and sulfites — group ADI 0–0.7 mg/kg body weight","","","","",""
"A dosage","ing_potassium_metabisulfite","Potassium metabisulfite","typical use","10–350 ppm in wine","","","{""threshold_of_concern"":""Acceptable Daily Intake set at 0–0.7 mg per kg of body weight per day, as sulfur dioxide (JECFA)"",""typical_concentration_range"":""10–350 ppm in wine"",""product_type_context"":""ingested""}","seed: seed rakk-app/src/data/seed (ing_potassium_metabisulfite)","",""
"A dosage","ing_potassium_nitrate","Potassium nitrate","threshold of concern","Acceptable Daily Intake set at 0–3.7 mg per kg of body weight per day, as nitrate ion (JECFA)","JECFA, evaluation of nitrate — ADI 0–3.7 mg/kg body weight","","","","",""
"A dosage","ing_potassium_nitrate","Potassium nitrate","typical use","Used in slow-cured meats and some cheeses","","","{""threshold_of_concern"":""Acceptable Daily Intake set at 0–3.7 mg per kg of body weight per day, as nitrate ion (JECFA)"",""typical_concentration_range"":""Used in slow-cured meats and some cheeses"",""product_type_context"":""ingested""}","seed: seed rakk-app/src/data/seed (ing_potassium_nitrate)","",""
"A dosage","ing_potassium_nitrite","Potassium nitrite","threshold of concern","Acceptable Daily Intake set at 0.07 mg per kg of body weight per day (EFSA, 2017)","EFSA ANS Panel (2017). Re-evaluation of potassium nitrite (E 249) and sodium nitrite (E 250) as food additives. doi:10.2903/j.efsa.2017.4786","","Potassium nitrite: ADI 0.07 mg/kg bw/day — Group unit: equivalents; Remarks: The Panel concluded that an increased methaemoglobin level, observed in human and animals, was a relevant effect for the derivation of the ADI. The Panel, using a BMD approach, derived an ADI of 0.07 mg nitrite ion/kg bw per day. The exposure to nitrite resulting from its use as food additive did not exceed this ADI for the general population, except for a slight exceedance in children at the highest percentile.","parsed: efsa_openfoodtox CAS 7758-09-0; 10.2903/j.efsa.2017.4786","",""
"A dosage","ing_potassium_nitrite","Potassium nitrite","typical use","No typical-use figure on file yet.","","","","","",""
"A dosage","ing_potassium_phosphate","Tripotassium phosphate","threshold of concern","EFSA set a group Acceptable Daily Intake for phosphates of 40 mg per kg of body weight per day, expressed as phosphorus (2019)","EFSA, re-evaluation of phosphoric acid and phosphates (E338–E341, E343, E450–E452), 2019","","","","",""
"A dosage","ing_potassium_phosphate","Tripotassium phosphate","typical use","Typically under 0.5% in cereals and drinks","","","{""threshold_of_concern"":""EFSA set a group Acceptable Daily Intake for phosphates of 40 mg per kg of body weight per day, expressed as phosphorus (2019)"",""typical_concentration_range"":""Typically under 0.5% in cereals and drinks"",""product_type_context"":""ingested""}","seed: seed rakk-app/src/data/seed (ing_potassium_phosphate)","",""
"A dosage","ing_potassium_sorbate","Potassium sorbate","threshold of concern","Acceptable Daily Intake set at 0–25 mg per kg of body weight per day, as sorbic acid (JECFA)","JECFA — ADI 0–25 mg/kg body weight, as sorbic acid","","","","",""
"A dosage","ing_potassium_sorbate","Potassium sorbate","typical use","0.02–0.3% in baked goods and beverages","","","{""threshold_of_concern"":""Acceptable Daily Intake set at 0–25 mg per kg of body weight per day, as sorbic acid (JECFA)"",""typical_concentration_range"":""0.02–0.3% in baked goods and beverages"",""product_type_context"":""ingested""}","seed: seed rakk-app/src/data/seed (ing_potassium_sorbate)","",""
"A dosage","ing_propionic_acid","Propionic acid","threshold of concern","JECFA concluded no numerical Acceptable Daily Intake was needed (""ADI not specified"")","JECFA, evaluation of propionic acid and its salts — ADI not specified","","","","",""
"A dosage","ing_propionic_acid","Propionic acid","typical use","0.1–0.4% in bread","","","{""threshold_of_concern"":""JECFA concluded no numerical Acceptable Daily Intake was needed (\""ADI not specified\"")"",""typical_concentration_range"":""0.1–0.4% in bread"",""product_type_context"":""ingested""}","seed: seed rakk-app/src/data/seed (ing_propionic_acid)","",""
"A dosage","ing_propyl_gallate","Propyl gallate","threshold of concern","Acceptable Daily Intake set at 0–1.4 mg per kg of body weight per day (JECFA)","JECFA, evaluation of propyl gallate — ADI 0–1.4 mg/kg body weight","","","","",""
"A dosage","ing_propyl_gallate","Propyl gallate","typical use","Up to 0.02% of the fat content in US food use","","","{""threshold_of_concern"":""Acceptable Daily Intake set at 0–1.4 mg per kg of body weight per day (JECFA)"",""typical_concentration_range"":""Up to 0.02% of the fat content in US food use"",""product_type_context"":""ingested""}","seed: seed rakk-app/src/data/seed (ing_propyl_gallate)","",""
"A dosage","ing_propylene_glycol","Propylene glycol","threshold of concern","Acceptable Daily Intake set at 0–25 mg per kg of body weight per day (JECFA)","JECFA, evaluation of propylene glycol — ADI 0–25 mg/kg body weight","","","","",""
"A dosage","ing_propylene_glycol","Propylene glycol","typical use","Up to 5% as a carrier for flavours and colours","","","{""threshold_of_concern"":""Acceptable Daily Intake set at 0–25 mg per kg of body weight per day (JECFA)"",""typical_concentration_range"":""Up to 5% as a carrier for flavours and colours"",""product_type_context"":""ingested""}","seed: seed rakk-app/src/data/seed (ing_propylene_glycol)","",""
"A dosage","ing_propylene_glycol_alginate","Propylene glycol alginate","threshold of concern","Acceptable Daily Intake set at 55 mg per kg of body weight per day (EFSA, 2018)","EFSA ANS Panel (2018). Re-evaluation of propane-1,2-diol alginate (E 405) as a food additive. doi:10.2903/j.efsa.2018.5371","","Propane-1, 2-diol alginate: ADI 55 mg/kg bw/day — Remarks: Considering the overall metabolic and toxicity database, the Panel confirmed the previously established ADI for propane-1,2-diol alginate (E 405) of 25 mg/kg bw per day expressed as propane-1,2-diol. This corresponds to an ADI for propane-1,2-diol alginate (E 405) of 55 mg/kg bw per day, based on the concentration of free and bound propane-1,2-diol amounting to a maximum of 45%. The Panel concluded that exposure estimates did not exceed the ADI in any of the population groups from the use of propane-1,2-diol alginate (E 405) as a food additive. Therefore, the Panel concluded that ther","parsed: efsa_openfoodtox CAS 9005-37-2; 10.2903/j.efsa.2018.5371","",""
"A dosage","ing_propylene_glycol_alginate","Propylene glycol alginate","typical use","No typical-use figure on file yet.","","","","","",""
"A dosage","ing_quillaia_extract_quillaja_saponaria_molina","Quillaia extract (quillaja saponaria molina)","threshold of concern","Acceptable Daily Intake set at 3 mg per kg of body weight per day (EFSA, 2019)","EFSA FAF Panel (2019). Re-evaluation of Quillaia extract (E 999) as a food additive and safety of the proposed extension of use. doi:10.2903/j.efsa.2019.5622","","Quillaia extract: ADI 3 mg/kg bw/day — Group unit: molecular mass; Remarks: The Panel concluded that any toxicity associated with Quillaia extract (E 999) is due to its constituent saponins and, therefore, an ADI based on saponins content can be derived. Accordingly, the ADI for Quillaia extract (E 999) of 5 mg spray-dried extract/kg bw per day is withdrawn. Taking into account the toxicological data available, the Panel established an ADI of 3 mg saponins/kg bw per day for Quillaia extract (E 999) based on the NOAEL of 1,500 mg Quillaia extract/kg bw per day and the conservative assumption that it contained 20% saponins, and by ap","parsed: efsa_openfoodtox CAS 68990-67-0; 10.2903/j.efsa.2019.5622","",""
"A dosage","ing_quillaia_extract_quillaja_saponaria_molina","Quillaia extract (quillaja saponaria molina)","typical use","No typical-use figure on file yet.","","","","","",""
"A dosage","ing_red_3","FD&C Red No. 3","threshold of concern","Acceptable Daily Intake set at 0–0.1 mg per kg of body weight per day (JECFA)","JECFA, evaluation of erythrosine — ADI 0–0.1 mg/kg body weight","","","","",""
"A dosage","ing_red_3","FD&C Red No. 3","typical use","Permitted uses are narrower than for other certified colours","","","{""threshold_of_concern"":""Acceptable Daily Intake set at 0–0.1 mg per kg of body weight per day (JECFA)"",""typical_concentration_range"":""Permitted uses are narrower than for other certified colours"",""product_type_context"":""ingested""}","seed: seed rakk-app/src/data/seed (ing_red_3)","",""
"A dosage","ing_red_40","FD&C Red No. 40","threshold of concern","Acceptable Daily Intake set at 0–7 mg per kg of body weight per day (JECFA)","JECFA — ADI 0–7 mg/kg body weight","","","","",""
"A dosage","ing_red_40","FD&C Red No. 40","typical use","10–300 ppm depending on the product","","","{""threshold_of_concern"":""Acceptable Daily Intake set at 0–7 mg per kg of body weight per day (JECFA)"",""typical_concentration_range"":""10–300 ppm depending on the product"",""product_type_context"":""ingested""}","seed: seed rakk-app/src/data/seed (ing_red_40)","",""
"A dosage","ing_resorcinol","Resorcinol","threshold of concern","Acceptable Daily Intake set at 0.12 mg per kg of body weight per day (EFSA, 2009)","EFSA ANS Panel (2009). Scientific Opinion on the use of Resorcinol as a food additive. doi:10.2903/j.efsa.2010.1411","","Benzene-1,3-diol: ADI 0.12 mg/kg bw/day — Remarks: The conservative estimates of acute consumption of shrimps (the only category for which experimental data were reported) indicate that dietary exposure to resorcinol for adults and for children would exceed the ADI when the residual concentration of resorcinol in whole raw shrimps is above 35 mg/kg. The Panel notes that this value is only applicable if other uses of resorcinol are excluded.","parsed: efsa_openfoodtox CAS 108-46-3; 10.2903/j.efsa.2010.1411","",""
"A dosage","ing_resorcinol","Resorcinol","typical use","No typical-use figure on file yet.","","","","","",""
"A dosage","ing_riboflavin","Riboflavin","threshold of concern","Acceptable Daily Intake set at up to 0.5 mg per kg of body weight per day (group ADI) (EFSA, 2013)","EFSA ANS Panel (2013). Scientific Opinion on the re-evaluation of riboflavin (E 101(i)) and riboflavin-5'-phosphate sodium (E 101(ii)) as food additives. doi:10.2903/j.efsa.2013.3357","","Riboflavin: ADI <= 0.5 mg/kg bw/day — Comments: ADI (group); Remarks: 1981, JECFA allocated a group ADI for riboflavin and riboflavin-5'-phosphate of 0-0.5 mg/kg bw/day (expressed as riboflavin). It is not specified in the evaluation on which study this ADI was based. In 1998, JECFA included riboflavin derived by fermentation with a strain of genetically modified Bacillus subtilis in the previously established group ADI of 0-0.5 mg/kg bw/day for synthetic riboflavin and riboflavin-5'-phosphate sodium.","parsed: efsa_openfoodtox CAS 83-88-5; 10.2903/j.efsa.2013.3357","",""
"A dosage","ing_riboflavin","Riboflavin","typical use","No typical-use figure on file yet.","","","null","seed: seed rakk-app/src/data/seed (ing_riboflavin)","",""
"A dosage","ing_saccharin","Saccharin","threshold of concern","Acceptable Daily Intake set at 0–5 mg per kg of body weight per day (JECFA)","JECFA — ADI 0–5 mg/kg body weight ; JECFA, evaluation of saccharin and its salts — ADI 0–5 mg/kg body weight","","","","",""
"A dosage","ing_saccharin","Saccharin","typical use","0.005–0.03% in table-top sweeteners and drinks","","","{""threshold_of_concern"":""Acceptable Daily Intake set at 0–5 mg per kg of body weight per day (JECFA)"",""typical_concentration_range"":""0.005–0.03% in table-top sweeteners and drinks"",""product_type_context"":""ingested""}","seed: seed rakk-app/src/data/seed (ing_saccharin)","",""
"A dosage","ing_silicon_dioxide","Silicon dioxide","threshold of concern","JECFA concluded no numerical Acceptable Daily Intake was needed (""ADI not specified"")","JECFA, evaluation of silicon dioxide (amorphous) — ADI not specified","","","","",""
"A dosage","ing_silicon_dioxide","Silicon dioxide","typical use","Up to 2% by weight in dry powders","","","{""threshold_of_concern"":""JECFA concluded no numerical Acceptable Daily Intake was needed (\""ADI not specified\"")"",""typical_concentration_range"":""Up to 2% by weight in dry powders"",""product_type_context"":""ingested""}","seed: seed rakk-app/src/data/seed (ing_silicon_dioxide)","",""
"A dosage","ing_sodium_benzoate","Sodium benzoate","threshold of concern","Acceptable Daily Intake set at 0–5 mg per kg of body weight per day (JECFA)","JECFA — ADI 0–5 mg/kg body weight, as benzoic acid ; EFSA ANS Panel, re-evaluation of benzoic acid and benzoates (2016)","","","","",""
"A dosage","ing_sodium_benzoate","Sodium benzoate","typical use","0.05–0.1% in soft drinks","","","{""threshold_of_concern"":""Acceptable Daily Intake set at 0–5 mg per kg of body weight per day (JECFA)"",""typical_concentration_range"":""0.05–0.1% in soft drinks"",""product_type_context"":""ingested""}","seed: seed rakk-app/src/data/seed (ing_sodium_benzoate)","",""
"A dosage","ing_sodium_bisulfite","Sodium bisulfite","threshold of concern","Acceptable Daily Intake set at 0–0.7 mg per kg of body weight per day, as sulfur dioxide (JECFA)","JECFA, evaluation of sulfur dioxide and sulfites — group ADI 0–0.7 mg/kg body weight","","","","",""
"A dosage","ing_sodium_bisulfite","Sodium bisulfite","typical use","Declarable above 10 ppm as sulfur dioxide","","","{""threshold_of_concern"":""Acceptable Daily Intake set at 0–0.7 mg per kg of body weight per day, as sulfur dioxide (JECFA)"",""typical_concentration_range"":""Declarable above 10 ppm as sulfur dioxide"",""product_type_context"":""ingested""}","seed: seed rakk-app/src/data/seed (ing_sodium_bisulfite)","",""
"A dosage","ing_sodium_erythorbate","Sodium erythorbate","threshold of concern","Acceptable Daily Intake set at 6 mg per kg of body weight per day (EFSA, 2015)","EFSA ANS Panel (2015). Scientific Opinion on the re-evaluation of erythorbic acid (E 315) and sodium erythorbate (E 316) as food additives. doi:10.2903/j.efsa.2016.4360","","Sodium erythorbate: ADI 6 mg/kg bw/day — Group unit: molecular mass; Remarks: The Panel concluded that there is no reason to revise the ADI of 6 mg/kg bw/day (SCF, 1997)","parsed: efsa_openfoodtox CAS 6381-77-7; 10.2903/j.efsa.2016.4360","",""
"A dosage","ing_sodium_erythorbate","Sodium erythorbate","typical use","No typical-use figure on file yet.","","","null","seed: seed rakk-app/src/data/seed (ing_sodium_erythorbate)","",""
"A dosage","ing_sodium_metabisulfite","Sodium metabisulfite","threshold of concern","Acceptable Daily Intake set at 0–0.7 mg per kg of body weight per day, as sulfur dioxide (JECFA)","JECFA, evaluation of sulfur dioxide and sulfites — group ADI 0–0.7 mg/kg body weight","","","","",""
"A dosage","ing_sodium_metabisulfite","Sodium metabisulfite","typical use","Up to 2,000 ppm in dried fruit","","","{""threshold_of_concern"":""Acceptable Daily Intake set at 0–0.7 mg per kg of body weight per day, as sulfur dioxide (JECFA)"",""typical_concentration_range"":""Up to 2,000 ppm in dried fruit"",""product_type_context"":""ingested""}","seed: seed rakk-app/src/data/seed (ing_sodium_metabisulfite)","",""
"A dosage","ing_sodium_nitrate","Sodium nitrate","threshold of concern","Acceptable Daily Intake set at 0–3.7 mg per kg of body weight per day, as nitrate ion (JECFA)","JECFA, evaluation of nitrate — ADI 0–3.7 mg/kg body weight ; EFSA, re-evaluation of nitrates (2017)","","","","",""
"A dosage","ing_sodium_nitrate","Sodium nitrate","typical use","Up to 500 ppm ingoing in cured meats in the US","","","{""threshold_of_concern"":""Acceptable Daily Intake set at 0–3.7 mg per kg of body weight per day, as nitrate ion (JECFA)"",""typical_concentration_range"":""Up to 500 ppm ingoing in cured meats in the US"",""product_type_context"":""ingested""}","seed: seed rakk-app/src/data/seed (ing_sodium_nitrate)","",""
"A dosage","ing_sodium_nitrite","Sodium nitrite","threshold of concern","Acceptable Daily Intake set at 0–0.07 mg per kg of body weight per day, as nitrite ion (JECFA)","JECFA — ADI 0–0.07 mg/kg body weight, as nitrite ion ; EFSA, re-evaluation of nitrites (2017)","","","","",""
"A dosage","ing_sodium_nitrite","Sodium nitrite","typical use","Up to 200 ppm ingoing in cured meats in the US","","","{""threshold_of_concern"":""Acceptable Daily Intake set at 0–0.07 mg per kg of body weight per day, as nitrite ion (JECFA)"",""typical_concentration_range"":""Up to 200 ppm ingoing in cured meats in the US"",""product_type_context"":""ingested""}","seed: seed rakk-app/src/data/seed (ing_sodium_nitrite)","",""
"A dosage","ing_sodium_phosphate","Sodium phosphate","threshold of concern","EFSA set a group Acceptable Daily Intake for phosphates of 40 mg per kg of body weight per day, expressed as phosphorus (2019)","EFSA, re-evaluation of phosphoric acid and phosphates (E338–E341, E343, E450–E452), 2019","","","","",""
"A dosage","ing_sodium_phosphate","Sodium phosphate","typical use","0.1–0.5% in processed cheese and meats","","","{""threshold_of_concern"":""EFSA set a group Acceptable Daily Intake for phosphates of 40 mg per kg of body weight per day, expressed as phosphorus (2019)"",""typical_concentration_range"":""0.1–0.5% in processed cheese and meats"",""product_type_context"":""ingested""}","seed: seed rakk-app/src/data/seed (ing_sodium_phosphate)","",""
"A dosage","ing_sodium_potassium_tartrate","Sodium potassium tartrate","threshold of concern","Acceptable Daily Intake set at 240 mg per kg of body weight per day (group ADI) (EFSA, 2020)","EFSA FAF Panel (2020). Re-evaluation of L(+)-tartaric acid (E 334), sodium tartrates (E 335), potassium tartrates (E 336), potassium sodium tartrate (E 337) and calcium tartrate (E 354) as food additives. doi:10.2903/j.efsa.2020.6030","","Sodium potassium tartrate: ADI 240 mg/kg bw/day — Group unit: equivalents; Comments: ADI (group); Remarks: The Panel concluded that the data on systemic availability were robust enough to derive a chemical-specific uncertainty factor instead of the usual default uncertainty factor of 100. Therefore, a total uncertainty factor of 10 was derived by applying a total interspecies uncertainty factor of 1 instead of 10, based on data showing lower internal exposure in humans compared to rats. The Panel established a group ADI for L(+)-tartaric acid and tartrates (E 334-337 and E 354) of 240 mg/kg bw per day, expressed as tartaric acid, by applying","parsed: efsa_openfoodtox CAS 304-59-6; 10.2903/j.efsa.2020.6030","",""
"A dosage","ing_sodium_potassium_tartrate","Sodium potassium tartrate","typical use","No typical-use figure on file yet.","","","","","",""
"A dosage","ing_sodium_propionate","Sodium propionate","threshold of concern","JECFA concluded no numerical Acceptable Daily Intake was needed (""ADI not specified"")","JECFA, evaluation of propionic acid and its salts — ADI not specified","","","","",""
"A dosage","ing_sodium_propionate","Sodium propionate","typical use","0.1–0.4% of flour weight in baked goods","","","{""threshold_of_concern"":""JECFA concluded no numerical Acceptable Daily Intake was needed (\""ADI not specified\"")"",""typical_concentration_range"":""0.1–0.4% of flour weight in baked goods"",""product_type_context"":""ingested""}","seed: seed rakk-app/src/data/seed (ing_sodium_propionate)","",""
"A dosage","ing_sodium_riboflavin_5_phosphate","Sodium riboflavin 5'-phosphate","threshold of concern","Acceptable Daily Intake set at up to 0.5 mg per kg of body weight per day (group ADI) (EFSA, 2013)","EFSA ANS Panel (2013). Scientific Opinion on the re-evaluation of riboflavin (E 101(i)) and riboflavin-5'-phosphate sodium (E 101(ii)) as food additives. doi:10.2903/j.efsa.2013.3357","","Riboflavin-5'-phosphate sodium: ADI <= 0.5 mg/kg bw/day — Comments: ADI (group); Remarks: JECFA allocated a group ADI for riboflavin and riboflavin-5'-phosphate sodium of 0-0.5 mg/kg bw/day.","parsed: efsa_openfoodtox CAS 130-40-5; 10.2903/j.efsa.2013.3357","",""
"A dosage","ing_sodium_riboflavin_5_phosphate","Sodium riboflavin 5'-phosphate","typical use","No typical-use figure on file yet.","","","","","",""
"A dosage","ing_sodium_sulfite","Sodium sulfite","threshold of concern","Acceptable Daily Intake set at 0–0.7 mg per kg of body weight per day, as sulfur dioxide (JECFA)","JECFA, evaluation of sulfur dioxide and sulfites — group ADI 0–0.7 mg/kg body weight","","","","",""
"A dosage","ing_sodium_sulfite","Sodium sulfite","typical use","Declarable above 10 ppm as sulfur dioxide","","","{""threshold_of_concern"":""Acceptable Daily Intake set at 0–0.7 mg per kg of body weight per day, as sulfur dioxide (JECFA)"",""typical_concentration_range"":""Declarable above 10 ppm as sulfur dioxide"",""product_type_context"":""ingested""}","seed: seed rakk-app/src/data/seed (ing_sodium_sulfite)","",""
"A dosage","ing_sodium_tartrate","Sodium tartrate","threshold of concern","Acceptable Daily Intake set at 240 mg per kg of body weight per day (group ADI) (EFSA, 2020)","EFSA FAF Panel (2020). Re-evaluation of L(+)-tartaric acid (E 334), sodium tartrates (E 335), potassium tartrates (E 336), potassium sodium tartrate (E 337) and calcium tartrate (E 354) as food additives. doi:10.2903/j.efsa.2020.6030","","Sodium tartrates: ADI 240 mg/kg bw/day — Group unit: equivalents; Comments: ADI (group); Remarks: The Panel concluded that the data on systemic availability were robust enough to derive a chemical-specific uncertainty factor instead of the usual default uncertainty factor of 100. Therefore, a total uncertainty factor of 10 was derived by applying a total interspecies uncertainty factor of 1 instead of 10, based on data showing lower internal exposure in humans compared to rats. The Panel established a group ADI for L(+)-tartaric acid and tartrates (E 334-337 and E 354) of 240 mg/kg bw per day, expressed as tartaric acid, by applying","parsed: efsa_openfoodtox CAS 868-18-8; 10.2903/j.efsa.2020.6030","",""
"A dosage","ing_sodium_tartrate","Sodium tartrate","typical use","No typical-use figure on file yet.","","","","","",""
"A dosage","ing_sorbic_acid","Sorbic acid","threshold of concern","Acceptable Daily Intake set at 0–25 mg per kg of body weight per day, as sorbic acid (JECFA)","JECFA — ADI 0–25 mg/kg body weight, as sorbic acid","","","","",""
"A dosage","ing_sorbic_acid","Sorbic acid","typical use","0.02–0.3% in baked goods, cheese and drinks","","","{""threshold_of_concern"":""Acceptable Daily Intake set at 0–25 mg per kg of body weight per day, as sorbic acid (JECFA)"",""typical_concentration_range"":""0.02–0.3% in baked goods, cheese and drinks"",""product_type_context"":""ingested""}","seed: seed rakk-app/src/data/seed (ing_sorbic_acid)","",""
"A dosage","ing_sorbitan_monooleate","Sorbitan monooleate","threshold of concern","Acceptable Daily Intake set at 10 mg per kg of body weight per day (group ADI) (EFSA, 2017)","EFSA ANS Panel (2017). Re-evaluation of sorbitan monostearate (E 491), sorbitan tristearate (E 492), sorbitan monolaurate (E 493), sorbitan monooleate (E 494) and sorbitan monopalmitate (E 495) when used as food additives. doi:10.2903/j.efsa.2017.4788","","Sorbitan monooleate: ADI 10 mg/kg bw/day — Group unit: equivalents; Comments: ADI (group); Remarks: Based on the no observed adverse effect level (NOAEL) of 2,600 mg sorbitan monostearate/kg bw per day, taking into account the ratio between the molecular weight of sorbitan monostearate (430.62 g/mol) and sorbitan (164.16 g/mol), and applying an uncertainty factor of 100, the Panel derived a group ADI of 10 mg/kg bw per day expressed as sorbitan for sorbitan esters (E 491-495) singly or in combination. This group ADI of 10 mg sorbitan/kg bw per day is equivalent to 26 mg sorbitan monostearate/kg bw per day. The Panel concluded that the","parsed: efsa_openfoodtox CAS 1338-43-8; 10.2903/j.efsa.2017.4788","",""
"A dosage","ing_sorbitan_monooleate","Sorbitan monooleate","typical use","No typical-use figure on file yet.","","","","","",""
"A dosage","ing_sorbitan_monostearate","Sorbitan monostearate","threshold of concern","Group Acceptable Daily Intake set at 0–25 mg per kg of body weight per day for sorbitan esters (JECFA)","JECFA, evaluation of sorbitan esters of fatty acids — group ADI 0–25 mg/kg body weight","","","","",""
"A dosage","ing_sorbitan_monostearate","Sorbitan monostearate","typical use","Up to 1% in confectionery coatings","","","{""threshold_of_concern"":""Group Acceptable Daily Intake set at 0–25 mg per kg of body weight per day for sorbitan esters (JECFA)"",""typical_concentration_range"":""Up to 1% in confectionery coatings"",""product_type_context"":""ingested""}","seed: seed rakk-app/src/data/seed (ing_sorbitan_monostearate)","",""
"A dosage","ing_sorbitol","Sorbitol","threshold of concern","No numerical Acceptable Daily Intake; in the EU, products above 10% must state that excess may have a laxative effect","JECFA, evaluation of sorbitol — ADI not specified ; EU Regulation 1333/2008, Annex III labelling requirement","","","","",""
"A dosage","ing_sorbitol","Sorbitol","typical use","Up to 30% in sugar-free confectionery","","","{""threshold_of_concern"":""No numerical Acceptable Daily Intake; in the EU, products above 10% must state that excess may have a laxative effect"",""typical_concentration_range"":""Up to 30% in sugar-free confectionery"",""product_type_context"":""ingested""}","seed: seed rakk-app/src/data/seed (ing_sorbitol)","",""
"A dosage","ing_soy_lecithin","Soy lecithin","threshold of concern","JECFA concluded no numerical Acceptable Daily Intake was needed (""ADI not specified"")","JECFA, evaluation of lecithin — ADI not specified","","","","",""
"A dosage","ing_soy_lecithin","Soy lecithin","typical use","0.1–0.5% in chocolate and baked goods","","","{""threshold_of_concern"":""JECFA concluded no numerical Acceptable Daily Intake was needed (\""ADI not specified\"")"",""typical_concentration_range"":""0.1–0.5% in chocolate and baked goods"",""product_type_context"":""ingested""}","seed: seed rakk-app/src/data/seed (ing_soy_lecithin)","",""
"A dosage","ing_ssl","Sodium stearoyl lactylate","threshold of concern","Group Acceptable Daily Intake set at 0–20 mg per kg of body weight per day for stearoyl lactylates (JECFA)","JECFA, evaluation of sodium and calcium stearoyl lactylates — group ADI 0–20 mg/kg body weight","","","","",""
"A dosage","ing_ssl","Sodium stearoyl lactylate","typical use","Up to 0.5% of flour weight in bread","","","{""threshold_of_concern"":""Group Acceptable Daily Intake set at 0–20 mg per kg of body weight per day for stearoyl lactylates (JECFA)"",""typical_concentration_range"":""Up to 0.5% of flour weight in bread"",""product_type_context"":""ingested""}","seed: seed rakk-app/src/data/seed (ing_ssl)","",""
"A dosage","ing_steviol_glycosides","Steviol glycosides","threshold of concern","Acceptable Daily Intake set at 0–4 mg per kg of body weight per day, expressed as steviol (JECFA)","JECFA — ADI 0–4 mg/kg body weight, as steviol","","","","",""
"A dosage","ing_steviol_glycosides","Steviol glycosides","typical use","0.01–0.05% in beverages","","","{""threshold_of_concern"":""Acceptable Daily Intake set at 0–4 mg per kg of body weight per day, expressed as steviol (JECFA)"",""typical_concentration_range"":""0.01–0.05% in beverages"",""product_type_context"":""ingested""}","seed: seed rakk-app/src/data/seed (ing_steviol_glycosides)","",""
"A dosage","ing_sucralose","Sucralose","threshold of concern","Acceptable Daily Intake set at 5 mg per kg of body weight per day (FDA)","US FDA — Acceptable Daily Intake 5 mg/kg body weight per day","","","","",""
"A dosage","ing_sucralose","Sucralose","typical use","0.01–0.05% in ready-to-drink beverages","","","{""threshold_of_concern"":""Acceptable Daily Intake set at 5 mg per kg of body weight per day (FDA)"",""typical_concentration_range"":""0.01–0.05% in ready-to-drink beverages"",""product_type_context"":""ingested""}","seed: seed rakk-app/src/data/seed (ing_sucralose)","",""
"A dosage","ing_sucrose_acetate_isobutyrate","Sucrose acetate isobutyrate","threshold of concern","Acceptable Daily Intake set at 20 mg per kg of body weight per day (EFSA, 2016)","EFSA ANS Panel (2016). Re-evaluation of sucrose acetate isobutyrate (E 444) as a food additive. doi:10.2903/j.efsa.2016.4489","","Sucrose acetate isobutyrate: ADI 20 mg/kg bw/day — Remarks: The Panel concluded that the present data set on absorption, distribution, metabolism and excretion, genotoxicity, subchronic, developmental and long-term toxicity, and carcinogenicity give reason to revise the ADI of 10 mg/kg bw per day allocated by the SCF in 1994 to 20 mg/kg bw per day.","parsed: efsa_openfoodtox CAS 126-13-6; 10.2903/j.efsa.2016.4489","",""
"A dosage","ing_sucrose_acetate_isobutyrate","Sucrose acetate isobutyrate","typical use","No typical-use figure on file yet.","","","","","",""
"A dosage","ing_sucrose_esters","Sucrose esters of fatty acids","threshold of concern","Acceptable Daily Intake set at 0–30 mg per kg of body weight per day (JECFA)","JECFA, evaluation of sucrose esters of fatty acids — ADI 0–30 mg/kg body weight","","","","",""
"A dosage","ing_sucrose_esters","Sucrose esters of fatty acids","typical use","0.1–0.5% in baked goods and beverages","","","{""threshold_of_concern"":""Acceptable Daily Intake set at 0–30 mg per kg of body weight per day (JECFA)"",""typical_concentration_range"":""0.1–0.5% in baked goods and beverages"",""product_type_context"":""ingested""}","seed: seed rakk-app/src/data/seed (ing_sucrose_esters)","",""
"A dosage","ing_sulfur_dioxide","Sulfur dioxide","threshold of concern","Acceptable Daily Intake set at 0–0.7 mg per kg of body weight per day, as sulfur dioxide (JECFA)","JECFA, evaluation of sulfur dioxide and sulfites — group ADI 0–0.7 mg/kg body weight","","","","",""
"A dosage","ing_sulfur_dioxide","Sulfur dioxide","typical use","Up to 2,000 ppm in dried fruit; 10–350 ppm in wine","","","{""threshold_of_concern"":""Acceptable Daily Intake set at 0–0.7 mg per kg of body weight per day, as sulfur dioxide (JECFA)"",""typical_concentration_range"":""Up to 2,000 ppm in dried fruit; 10–350 ppm in wine"",""product_type_context"":""ingested""}","seed: seed rakk-app/src/data/seed (ing_sulfur_dioxide)","",""
"A dosage","ing_sunflower_lecithin","Sunflower lecithin","threshold of concern","JECFA concluded no numerical Acceptable Daily Intake was needed (""ADI not specified"")","JECFA, evaluation of lecithin — ADI not specified","","","","",""
"A dosage","ing_sunflower_lecithin","Sunflower lecithin","typical use","0.1–0.5% in chocolate and baked goods","","","{""threshold_of_concern"":""JECFA concluded no numerical Acceptable Daily Intake was needed (\""ADI not specified\"")"",""typical_concentration_range"":""0.1–0.5% in chocolate and baked goods"",""product_type_context"":""ingested""}","seed: seed rakk-app/src/data/seed (ing_sunflower_lecithin)","",""
"A dosage","ing_tartaric_acid","Tartaric acid","threshold of concern","Acceptable Daily Intake set at 240 mg per kg of body weight per day (group ADI) (EFSA, 2020)","EFSA FAF Panel (2020). Re-evaluation of L(+)-tartaric acid (E 334), sodium tartrates (E 335), potassium tartrates (E 336), potassium sodium tartrate (E 337) and calcium tartrate (E 354) as food additives. doi:10.2903/j.efsa.2020.6030","","Tartaric acid (L(+)-): ADI 240 mg/kg bw/day — Comments: ADI (group); Remarks: The Panel concluded that the data on systemic availability were robust enough to derive a chemical-specific uncertainty factor instead of the usual default uncertainty factor of 100. Therefore, a total uncertainty factor of 10 was derived by applying a total interspecies uncertainty factor of 1 instead of 10, based on data showing lower internal exposure in humans compared to rats. The Panel established a group ADI for L(+)-tartaric acid and tartrates (E 334-337 and E 354) of 240 mg/kg bw per day, expressed as tartaric acid, by applying the total uncertainty fac","parsed: efsa_openfoodtox CAS 87-69-4; 10.2903/j.efsa.2020.6030","",""
"A dosage","ing_tartaric_acid","Tartaric acid","typical use","No typical-use figure on file yet.","","","null","seed: seed rakk-app/src/data/seed (ing_tartaric_acid)","",""
"A dosage","ing_tbhq","TBHQ","threshold of concern","Acceptable Daily Intake set at 0–0.7 mg per kg of body weight per day (JECFA)","JECFA, evaluation of tertiary butylhydroquinone — ADI 0–0.7 mg/kg body weight","","","","",""
"A dosage","ing_tbhq","TBHQ","typical use","Up to 0.02% of the fat content in US food use","","","{""threshold_of_concern"":""Acceptable Daily Intake set at 0–0.7 mg per kg of body weight per day (JECFA)"",""typical_concentration_range"":""Up to 0.02% of the fat content in US food use"",""product_type_context"":""ingested""}","seed: seed rakk-app/src/data/seed (ing_tbhq)","",""
"A dosage","ing_titanium_dioxide","Titanium dioxide","threshold of concern","No Acceptable Daily Intake could be established: EFSA concluded in 2021 that genotoxicity could not be ruled out, and the EU withdrew its food authorisation in 2022. It remains a permitted colour additive in the US.","EFSA, safety assessment of titanium dioxide (E171) as a food additive, 2021 ; Commission Regulation (EU) 2022/63","","","","",""
"A dosage","ing_titanium_dioxide","Titanium dioxide","typical use","Up to 1% by weight where permitted","","","{""threshold_of_concern"":""No Acceptable Daily Intake could be established: EFSA concluded in 2021 that genotoxicity could not be ruled out, and the EU withdrew its food authorisation in 2022. It remains a permitted colour additive in the US."",""typical_concentration_range"":""Up to 1% by weight where permitted"",""product_type_context"":""ingested""}","seed: seed rakk-app/src/data/seed (ing_titanium_dioxide)","",""
"A dosage","ing_xanthan_gum","Xanthan gum","threshold of concern","JECFA concluded no numerical Acceptable Daily Intake was needed (""ADI not specified"")","JECFA, evaluation of xanthan gum — ADI not specified","","","","",""
"A dosage","ing_xanthan_gum","Xanthan gum","typical use","0.05–0.5% in sauces, dressings and gluten-free baking","","","{""threshold_of_concern"":""JECFA concluded no numerical Acceptable Daily Intake was needed (\""ADI not specified\"")"",""typical_concentration_range"":""0.05–0.5% in sauces, dressings and gluten-free baking"",""product_type_context"":""ingested""}","seed: seed rakk-app/src/data/seed (ing_xanthan_gum)","",""
"A dosage","ing_xanthophyll","Xanthophyll","threshold of concern","Acceptable Daily Intake set at 1 mg per kg of body weight per day (EFSA, 2012)","EFSA ANS Panel (2012). Statement on the safety assessment of the exposure to lutein preparations based on new data on the use levels of lutein. doi:10.2903/j.efsa.2012.2589","","Lutein: ADI 1 mg/kg bw/day — Remarks: This ADI has been established by ANS Panel in 2010. Combining the estimated intakes of lutein from the diet and from its use as food colour leads to an overall exposure of adults not exceeding the ADI of 1 mg/kg bw/day at the mean and 95th percentile, which is in contrast to the previous exposure assessment. For children, the ADI would also not be exceeded at the mean, but would be exceeded at the 95th/97.5th percentile in The Netherlands and, UK.","parsed: efsa_openfoodtox CAS 127-40-2; 10.2903/j.efsa.2012.2589","",""
"A dosage","ing_xanthophyll","Xanthophyll","typical use","No typical-use figure on file yet.","","","","","",""
"A dosage","ing_xylitol","Xylitol","threshold of concern","No numerical Acceptable Daily Intake; in the EU, products above 10% must state that excess may have a laxative effect","JECFA, evaluation of xylitol — ADI not specified ; EU Regulation 1333/2008, Annex III labelling requirement","","","","",""
"A dosage","ing_xylitol","Xylitol","typical use","Up to 50% in chewing gum","","","{""threshold_of_concern"":""No numerical Acceptable Daily Intake; in the EU, products above 10% must state that excess may have a laxative effect"",""typical_concentration_range"":""Up to 50% in chewing gum"",""product_type_context"":""ingested""}","seed: seed rakk-app/src/data/seed (ing_xylitol)","",""
"A dosage","ing_yellow_5","FD&C Yellow No. 5","threshold of concern","Acceptable Daily Intake set at 0–10 mg per kg of body weight per day (JECFA)","JECFA — ADI 0–10 mg/kg body weight ; JECFA, evaluation of tartrazine — ADI 0–10 mg/kg body weight ; EFSA, re-evaluation of tartrazine (E102), 2009","","","","",""
"A dosage","ing_yellow_5","FD&C Yellow No. 5","typical use","10–300 ppm depending on the product","","","{""threshold_of_concern"":""Acceptable Daily Intake set at 0–10 mg per kg of body weight per day (JECFA)"",""typical_concentration_range"":""10–300 ppm depending on the product"",""product_type_context"":""ingested""}","seed: seed rakk-app/src/data/seed (ing_yellow_5)","",""
"A dosage","ing_yellow_6","FD&C Yellow No. 6","threshold of concern","Acceptable Daily Intake set at 0–4 mg per kg of body weight per day (JECFA)","JECFA, evaluation of sunset yellow FCF — ADI 0–4 mg/kg body weight","","","","",""
"A dosage","ing_yellow_6","FD&C Yellow No. 6","typical use","10–300 ppm depending on the product","","","{""threshold_of_concern"":""Acceptable Daily Intake set at 0–4 mg per kg of body weight per day (JECFA)"",""typical_concentration_range"":""10–300 ppm depending on the product"",""product_type_context"":""ingested""}","seed: seed rakk-app/src/data/seed (ing_yellow_6)","",""
"B allergen","ing_almond_bitter_oil_ffpa","Almond, bitter, oil (ffpa)","allergen: derived from","tree_nut","","","almond, bitter, oil (ffpa)","vocabulary: fda_saf derived from the name","",""
"B allergen","ing_alpha_lactalbumin","Alpha-lactalbumin","allergen: derived from","milk","","","alpha-lactalbumin","vocabulary: gras_notice derived from the name","",""
"B allergen","ing_ammonium_caseinate","Ammonium caseinate","allergen: derived from","milk","","","ammonium caseinate","vocabulary: fda_saf derived from the name","",""
"B allergen","ing_ammonium_sulfite","Ammonium sulfite","allergen: derived from","sulfites","","","ammonium sulfite | diammonium sulfite","vocabulary: fda_saf derived from the name","",""
"B allergen","ing_anhydrous_milk_fat","Anhydrous milk fat","allergen: derived from","milk","","","anhydrous milk fat","vocabulary: gras_notice derived from the name","",""
"B allergen","ing_antarctic_krill_meal","Antarctic krill meal","allergen: derived from","crustacean_shellfish","","","antarctic krill meal","vocabulary: fda_color derived from the name","",""
"B allergen","ing_beta_lactoglobulin","Beta-Lactoglobulin","allergen: derived from","milk","","","beta-lactoglobulin","vocabulary: gras_notice derived from the name","",""
"B allergen","ing_bovine_milk_basic_protein_fraction","Bovine milk basic protein fraction","allergen: derived from","milk","","","bovine milk basic protein fraction","vocabulary: gras_notice derived from the name","",""
"B allergen","ing_bovine_milk_derived_lactoferrin","Bovine milk-derived lactoferrin","allergen: derived from","milk","","","bovine milk-derived lactoferrin","vocabulary: gras_notice derived from the name","",""
"B allergen","ing_butter_acids","Butter acids","allergen: derived from","milk","","","butter acids | butter acid | butter fatty acids","vocabulary: fda_saf derived from the name","",""
"B allergen","ing_butter_esters","Butter esters","allergen: derived from","milk","","","butter esters | butter ester","vocabulary: fda_saf derived from the name","",""
"B allergen","ing_butter_fat_enzyme_modified_with_added_butyric_acid","Butter fat, enzyme-modified, with added butyric acid","allergen: derived from","milk","","","butter fat, enzyme-modified, with added butyric acid","vocabulary: fda_saf derived from the name","",""
"B allergen","ing_butter_starter_distillate","Butter starter distillate","allergen: derived from","milk","","","butter starter distillate | starter distillate","vocabulary: fda_saf derived from the name","",""
"B allergen","ing_calcium_casein_peptone_calcium_phosphate","Calcium casein peptone-calcium phosphate","allergen: derived from","milk","","","calcium casein peptone-calcium phosphate","vocabulary: gras_notice derived from the name","",""
"B allergen","ing_calcium_hydrogen_sulphite","Calcium hydrogen sulphite","allergen: derived from","sulfites","","","calcium hydrogen sulphite | e227 | e 227","vocabulary: eu derived from the name","",""
"B allergen","ing_calcium_sulphite","Calcium sulphite","allergen: derived from","sulfites","","","calcium sulphite | e226 | e 226","vocabulary: eu derived from the name","",""
"B allergen","ing_concentrated_hydrolyzed_milk_protein","Concentrated hydrolyzed milk protein","allergen: derived from","milk","","","concentrated hydrolyzed milk protein","vocabulary: gras_notice derived from the name","",""
"B allergen","ing_cow_s_milk_derived_lactoferrin","Cow's milk-derived lactoferrin","allergen: derived from","milk","","","cow's milk-derived lactoferrin","vocabulary: gras_notice derived from the name","",""
"B allergen","ing_cows_milk_derived_lactoferrin","Cows milk-derived lactoferrin","allergen: derived from","milk","","","cows milk-derived lactoferrin","vocabulary: gras_notice derived from the name","",""
"B allergen","ing_delactosed_whey","Delactosed whey","allergen: derived from","milk","","","delactosed whey | reduced lactose whey","vocabulary: fda_saf derived from the name","",""
"B allergen","ing_demineralized_whey","Demineralized whey","allergen: derived from","milk","","","demineralized whey | reduced minerals whey","vocabulary: fda_saf derived from the name","",""
"B allergen","ing_diethanolamide_condensate_from_soybean_oil_fatty_acids_c16_c","Diethanolamide condensate from soybean oil fatty acids (C16-C18)","allergen: derived from","soybean","","","diethanolamide condensate from soybean oil fatty acids (c16-c18) | soybean oil fatty acids diethanolamide | soybean fatty acid diethanolamine condensate","vocabulary: fda_saf derived from the name","",""
"B allergen","ing_dry_whole_goat_milk","Dry whole goat milk","allergen: derived from","milk","","","dry whole goat milk","vocabulary: gras_notice derived from the name","",""
"B allergen","ing_dry_whole_milk","Dry whole milk","allergen: derived from","milk","","","dry whole milk","vocabulary: gras_notice derived from the name","",""
"B allergen","ing_egg_white_lysozyme","Egg white lysozyme","allergen: derived from","egg","","","egg white lysozyme | e1105 | e 1105 | lysozyme (chicken egg white)","vocabulary: fda_saf derived from the name","",""
"B allergen","ing_egg_white_protein","Egg-white protein","allergen: derived from","egg","","","egg-white protein","vocabulary: gras_notice derived from the name","",""
"B allergen","ing_egg_yolk_derived_phospholipids","Egg yolk-derived phospholipids","allergen: derived from","egg","","","egg yolk-derived phospholipids","vocabulary: gras_notice derived from the name","",""
"B allergen","ing_epoxidized_soybean_oil","Epoxidized soybean oil","allergen: derived from","soybean","","","epoxidized soybean oil | epoxidized soyate","vocabulary: fda_saf derived from the name","",""
"B allergen","ing_ethoxylated_soya_fatty_acid_amine","Ethoxylated soya fatty acid amine","allergen: derived from","soybean","","","ethoxylated soya fatty acid amine | peg soyamine | peg soybean oil fatty amine","vocabulary: fda_saf derived from the name","",""
"B allergen","ing_fish_oil_concentrate","Fish oil concentrate","allergen: derived from","fish","","","fish oil concentrate","vocabulary: gras_notice derived from the name","",""
"B allergen","ing_fish_oil_predominantly_sardine_and_anchovy","Fish oil (predominantly sardine and anchovy)","allergen: derived from","fish","","","fish oil (predominantly sardine and anchovy)","vocabulary: gras_notice derived from the name","",""
"B allergen","ing_fish_protein_isolate","Fish protein isolate","allergen: derived from","fish","","","fish protein isolate","vocabulary: fda_saf derived from the name","",""
"B allergen","ing_fractionated_whey_protein_concentrate","Fractionated whey protein concentrate","allergen: derived from","milk","","","fractionated whey protein concentrate","vocabulary: gras_notice derived from the name","",""
"B allergen","ing_goat_milk_lactose","Goat milk lactose","allergen: derived from","milk","","","goat milk lactose","vocabulary: gras_notice derived from the name","",""
"B allergen","ing_hydrogenated_menhaden_oil","Hydrogenated menhaden oil","allergen: derived from","fish","","","hydrogenated menhaden oil","vocabulary: fda_saf derived from the name","",""
"B allergen","ing_hydrogenated_soybean_oil","Hydrogenated soybean oil","allergen: derived from","soybean","","","hydrogenated soybean oil","vocabulary: fda_saf derived from the name","",""
"B allergen","ing_hydrolyzed_lactose","Hydrolyzed lactose","allergen: derived from","milk","","","hydrolyzed lactose","vocabulary: fda_saf derived from the name","",""
"B allergen","ing_hydrolyzed_sardine_protein","Hydrolyzed sardine protein","allergen: derived from","fish","","","hydrolyzed sardine protein","vocabulary: gras_notice derived from the name","",""
"B allergen","ing_hydrolyzed_wheat_gluten_isolate","Hydrolyzed wheat gluten isolate","allergen: derived from","wheat","","","hydrolyzed wheat gluten isolate","vocabulary: gras_notice derived from the name","",""
"B allergen","ing_hydroxylated_soya_bean_oil_fatty_acids","Hydroxylated soya bean oil fatty acids","allergen: derived from","soybean","","","hydroxylated soya bean oil fatty acids","vocabulary: fda_saf derived from the name","",""
"B allergen","ing_iron_milk_proteinate","Iron milk proteinate","allergen: derived from","milk","","","iron milk proteinate","vocabulary: gras_notice derived from the name","",""
"B allergen","ing_isolated_wheat_protein","Isolated wheat protein","allergen: derived from","wheat","","","isolated wheat protein","vocabulary: gras_notice derived from the name","",""
"B allergen","ing_krill_based_phosphatidylserine","Krill-based phosphatidylserine","allergen: derived from","crustacean_shellfish","","","krill-based phosphatidylserine","vocabulary: gras_notice derived from the name","",""
"B allergen","ing_krill_oil","Krill oil","allergen: derived from","crustacean_shellfish","","","krill oil","vocabulary: gras_notice derived from the name","",""
"B allergen","ing_lactalbumin","Lactalbumin","allergen: derived from","milk","","","lactalbumin | lactalbumins","vocabulary: fda_saf derived from the name","",""
"B allergen","ing_lactalbumin_phosphate","Lactalbumin phosphate","allergen: derived from","milk","","","lactalbumin phosphate","vocabulary: fda_saf derived from the name","",""
"B allergen","ing_lactose","Lactose","allergen: derived from","milk","","","lactose | milk sugar | 4-o-beta-d-galactopyranosyl-d-glucose","vocabulary: fda_saf derived from the name","",""
"B allergen","ing_liquid_whole_cow_milk","Liquid whole cow milk","allergen: derived from","milk","","","liquid whole cow milk","vocabulary: gras_notice derived from the name","",""
"B allergen","ing_liquid_whole_goat_milk","Liquid whole goat milk","allergen: derived from","milk","","","liquid whole goat milk","vocabulary: gras_notice derived from the name","",""
"B allergen","ing_menhaden_oil","Menhaden oil","allergen: derived from","fish","","","menhaden oil | pogy oil | mossbunker oil | brevoortia oil","vocabulary: fda_saf derived from the name","",""
"B allergen","ing_microparticulated_protein_product","Microparticulated protein product","allergen: derived from","milk, egg","","","microparticulated protein product | egg whites and milk protein | microparticulated egg and milk protein product","vocabulary: fda_saf derived from the name","",""
"B allergen","ing_milk_derived_lactoferrin","Milk-derived lactoferrin","allergen: derived from","milk","","","milk-derived lactoferrin","vocabulary: gras_notice derived from the name","",""
"B allergen","ing_milk_mineral_concentrate","Milk mineral concentrate","allergen: derived from","milk","","","milk mineral concentrate","vocabulary: gras_notice derived from the name","",""
"B allergen","ing_milk_powder_whole_enzyme_modified","Milk powder, whole, enzyme-modified","allergen: derived from","milk","","","milk powder, whole, enzyme-modified | enzyme-modified milk powder","vocabulary: fda_saf derived from the name","",""
"B allergen","ing_ovalbumin","Ovalbumin","allergen: derived from","egg","","","ovalbumin","vocabulary: gras_notice derived from the name","",""
"B allergen","ing_parmesan_cheese_reggiano_cheese","Parmesan cheese, reggiano cheese","allergen: derived from","milk","","","parmesan cheese, reggiano cheese","vocabulary: fda_saf derived from the name","",""
"B allergen","ing_partially_defatted_almond_protein_flour","Partially defatted almond protein flour","allergen: derived from","tree_nut","","","partially defatted almond protein flour","vocabulary: gras_notice derived from the name","",""
"B allergen","ing_peanut_oil","Peanut oil","allergen: derived from","peanut","","","peanut oil | arachis oil | earthnut oil | katchung oil | groundnut oil","vocabulary: fda_saf derived from the name","",""
"B allergen","ing_peanut_stearine","Peanut stearine","allergen: derived from","peanut","","","peanut stearine | peanut stearine (arachis hypogaea l.)","vocabulary: fda_saf derived from the name","",""
"B allergen","ing_pecan_shell_fiber","Pecan shell fiber","allergen: derived from","tree_nut","","","pecan shell fiber","vocabulary: gras_notice derived from the name","",""
"B allergen","ing_pecan_shell_flour","Pecan shell flour","allergen: derived from","tree_nut","","","pecan shell flour | pecan powder | carya illinoensis (pecan) shell powder","vocabulary: fda_saf derived from the name","",""
"B allergen","ing_potassium_bisulfite","Potassium bisulfite","allergen: derived from","sulfites","","","potassium bisulfite | e228 | e 228 | monopotassium sulfite | potassium acid sulfite | potassium sulfite (khso3) | potassium hydrogen sulfite","vocabulary: fda_saf derived from the name","",""
"B allergen","ing_potassium_caseinate","Potassium caseinate","allergen: derived from","milk","","","potassium caseinate | potassium casein complex","vocabulary: fda_saf derived from the name","",""
"B allergen","ing_potassium_sulfite","Potassium sulfite","allergen: derived from","sulfites","","","potassium sulfite | dipotassium sulfite","vocabulary: fda_saf derived from the name","",""
"B allergen","ing_protein_milk_hydrolyzed","Protein, milk, hydrolyzed","allergen: derived from","milk","","","protein, milk, hydrolyzed | hydrolyzed milk protein | milk protein hydrolysate","vocabulary: fda_saf derived from the name","",""
"B allergen","ing_reduced_minerals_goat_whey","Reduced minerals goat whey","allergen: derived from","milk","","","reduced minerals goat whey","vocabulary: gras_notice derived from the name","",""
"B allergen","ing_salmon_oil","Salmon oil","allergen: derived from","fish","","","salmon oil","vocabulary: gras_notice derived from the name","",""
"B allergen","ing_small_planktivorous_pelagic_fish_body_oil","Small planktivorous pelagic fish body oil","allergen: derived from","fish","","","small planktivorous pelagic fish body oil","vocabulary: gras_notice derived from the name","",""
"B allergen","ing_soluble_egg_white_protein","Soluble egg-white protein","allergen: derived from","egg","","","soluble egg-white protein","vocabulary: gras_notice derived from the name","",""
"B allergen","ing_soy_leghemoglobin","Soy leghemoglobin","allergen: derived from","soybean","","","soy leghemoglobin | leghemoglobin c2 | soy leghemoglobin protein | soy leghemoglobin (gene lgb2) | leghemoglobin (glycine max gene lgb2)","vocabulary: fda_saf derived from the name","",""
"B allergen","ing_soy_leghemoglobin_preparation","Soy leghemoglobin preparation","allergen: derived from","soybean","","","soy leghemoglobin preparation","vocabulary: gras_notice derived from the name","",""
"B allergen","ing_soy_protein_concentrate_enzyme_activated","Soy protein concentrate, enzyme activated","allergen: derived from","soybean","","","soy protein concentrate, enzyme activated","vocabulary: fda_saf derived from the name","",""
"B allergen","ing_soybean_hemicellulose","Soybean hemicellulose","allergen: derived from","soybean","","","soybean hemicellulose | e426 | e 426","vocabulary: eu derived from the name","",""
"B allergen","ing_stearidonic_acid_soybean_oil","Stearidonic acid soybean oil","allergen: derived from","soybean","","","stearidonic acid soybean oil","vocabulary: gras_notice derived from the name","",""
"B allergen","ing_sulfites_strong_alkali","Sulfites, strong alkali","allergen: derived from","sulfites","","","sulfites, strong alkali","vocabulary: fda_saf derived from the name","",""
"B allergen","ing_sulfiting_agents","Sulfiting agents","allergen: derived from","sulfites","","","sulfiting agents | sulfites","vocabulary: fda_saf derived from the name","",""
"B allergen","ing_sulfurous_acid","Sulfurous acid","allergen: derived from","sulfites","","","sulfurous acid | sulfur dioxide solution","vocabulary: fda_saf derived from the name","",""
"B allergen","ing_thermally_oxidised_soya_bean_oil_interacted_with_mono_and_di","Thermally oxidised soya bean oil interacted with mono- and diglycerides of fatty acids","allergen: derived from","soybean","","","thermally oxidised soya bean oil interacted with mono- and diglycerides of fatty acids | e479b | e 479b","vocabulary: eu derived from the name","",""
"B allergen","ing_tuna_oil","Tuna oil","allergen: derived from","fish","","","tuna oil","vocabulary: gras_notice derived from the name","",""
"B allergen","ing_walnut_hull_extract","Walnut hull, extract","allergen: derived from","tree_nut","","","walnut hull, extract | walnut extract | walnut hull extract","vocabulary: fda_saf derived from the name","",""
"B allergen","ing_walnut_leaves_extract","Walnut leaves, extract","allergen: derived from","tree_nut","","","walnut leaves, extract | walnut leaf extract","vocabulary: fda_saf derived from the name","",""
"B allergen","ing_wheat_fiber_extract","Wheat fiber extract","allergen: derived from","wheat","","","wheat fiber extract","vocabulary: gras_notice derived from the name","",""
"B allergen","ing_wheat_seed_oil","Wheat seed oil","allergen: derived from","wheat","","","wheat seed oil","vocabulary: gras_notice derived from the name","",""
"B allergen","ing_wheat_seed_polar_lipids","Wheat seed polar lipids","allergen: derived from","wheat","","","wheat seed polar lipids","vocabulary: gras_notice derived from the name","",""
"B allergen","ing_wheat_starch","Wheat starch","allergen: derived from","wheat","","","wheat starch","vocabulary: fda_saf derived from the name","",""
"B allergen","ing_whey_mineral_concentrate","Whey mineral concentrate","allergen: derived from","milk","","","whey mineral concentrate","vocabulary: gras_notice derived from the name","",""
"B allergen","ing_whey_partially_dimineralized_and_partially_delactosed","Whey, partially dimineralized and partially delactosed","allergen: derived from","milk","","","whey, partially dimineralized and partially delactosed","vocabulary: fda_saf derived from the name","",""
"B allergen","ing_whole_fish_protein_concentrate","Whole fish protein concentrate","allergen: derived from","fish","","","whole fish protein concentrate | fish protein concentrate","vocabulary: fda_saf derived from the name","",""
"C common","ing_smoke_flavor","Natural smoke flavor","what it is / why used","Condensed and filtered wood smoke, used to give a smoked taste without a smokehouse.","","","""Condensed and filtered wood smoke, used to give a smoked taste without a smokehouse.""","seed: seed rakk-app/src/data/seed (ing_smoke_flavor)","",""
"C common","ing_vanillin","Vanillin","what it is / why used","The compound responsible for most of the taste of vanilla. It occurs in vanilla pods and is also made synthetically.","","","""The compound responsible for most of the taste of vanilla. It occurs in vanilla pods and is also made synthetically.""","seed: seed rakk-app/src/data/seed (ing_vanillin)","",""
"C common","ing_vanillin","Vanillin","status US_FDA","Generally Recognized as Safe (GRAS)","21 CFR 182.60","https://www.ecfr.gov/current/title-21/section-182.60","§ 182.60 Synthetic flavoring substances and adjuvants. | Synthetic flavoring substances and adjuvants that are generally recognized as safe for their intended use, within the meaning of section 409 of the Act, are as follows:","seed: seed 21 CFR 182.60","",""
"C common","ing_citric_acid_esters","Citric acid esters of mono- and diglycerides","what it is / why used","Fat molecules modified with citric acid, used to hold oil and water together and to protect frying fats.","","","""Fat molecules modified with citric acid, used to hold oil and water together and to protect frying fats.""","seed: seed rakk-app/src/data/seed (ing_citric_acid_esters)","",""
"C common","ing_citric_acid_esters","Citric acid esters of mono- and diglycerides","status US_FDA","Notified to FDA as GRAS for its intended use; FDA had no questions (3 notices)","GRN 899","https://hfpappexternal.fda.gov/scripts/fdcc/index.cfm?set=GRASNotices&id=899","GRAS Notice (GRN) No.: 899 | Substance: Citric acid esters of mono- and diglycerides | Intended Use: Intended for use as an emulsifier in exempt infant formula at a maximum level of 233 mg per 100 mL of formula. | Basis: Scientific procedures | Notifier: Hogan Lovells US LLP | Notifier Address: 555 Thirteenth Street, NW Washington, DC, 20004 | GRN Part 1: GRN 899 with amendments (in PDF) | Date of closure: 10/30/2020 | FDA's Letter: FDA has no questions (in PDF)","parsed: fda_gras_notices GRN 899, 511, 222","",""
"C common","ing_citric_acid_esters","Citric acid esters of mono- and diglycerides","status EU_EFSA","Authorised food additive; permitted foods and maximum levels set in Annex II","Reg. (EC) 1333/2008, Annex II — E 472c","https://eur-lex.europa.eu/eli/reg/2008/1333/oj","Annex II Part B, list 3: E 472c — Citric acid esters of mono- and diglycerides of fatty acids","parsed: eu_1333_2008 Annex II Part B, E472c","",""
"C common","ing_citric_acid_esters","Citric acid esters of mono- and diglycerides","status HK_CFS","Permitted preservative or antioxidant; maximum levels set by food category","Cap. 132BD, Schedule 1","https://www.elegislation.gov.hk/hk/cap132BD!en","Cap. 132BD Schedule 1: 472c Citric and fatty acid esters of glycerol","parsed: hk_legislation Cap. 132BD, INS 472c","",""
"C common","ing_carmine","Carmine","what it is / why used","A red colour made from cochineal insects. US labels must name it specifically, because some people react to it.","","","""A red colour made from cochineal insects. US labels must name it specifically, because some people react to it.""","seed: seed rakk-app/src/data/seed (ing_carmine)","",""
"C common","ing_carmine","Carmine","status US_FDA","Colour additive exempt from certification; must be declared by name","21 CFR 73.100","https://www.ecfr.gov/current/title-21/section-73.100","§ 73.100 Cochineal extract; carmine. | (a) Identity. (1) The color additive cochineal extract is the concentrated solution obtained after removing the alcohol from an aqueous-alcoholic extract of cochineal ( Dactylopius coccus costa ( Coccus cacti L.)). The coloring principle is chiefly carminic acid.","seed: seed 21 CFR 73.100","",""
"C common","ing_carmine","Carmine","status EU_EFSA","Authorised food additive; permitted foods and maximum levels set in Annex II","Reg. (EC) 1333/2008, Annex II — E 120","https://eur-lex.europa.eu/eli/reg/2008/1333/oj","Annex II Part B, list 1: E 120 — Carminic acid, Carmine","parsed: eu_1333_2008 Annex II Part B, E120","",""
"C common","ing_carmine","Carmine","threshold of concern","Acceptable Daily Intake set at 0–5 mg per kg of body weight per day, as carminic acid (JECFA)","JECFA, evaluation of carmines — ADI 0–5 mg/kg body weight as carminic acid","","","","",""
"C common","ing_carmine","Carmine","typical use","10–500 ppm depending on the product","","","{""threshold_of_concern"":""Acceptable Daily Intake set at 0–5 mg per kg of body weight per day, as carminic acid (JECFA)"",""typical_concentration_range"":""10–500 ppm depending on the product"",""product_type_context"":""ingested""}","seed: seed rakk-app/src/data/seed (ing_carmine)","",""
"C common","ing_caramel_color","Caramel color","what it is / why used","A brown colouring made by heating sugars under controlled conditions. It is used for colour consistency between batches rather than for taste.","","","""A brown colouring made by heating sugars under controlled conditions. It is used for colour consistency between batches rather than for taste.""","seed: seed rakk-app/src/data/seed (ing_caramel_color)","",""
"C common","ing_caramel_color","Caramel color","status US_FDA","Colour additive exempt from certification","21 CFR 73.85","https://www.ecfr.gov/current/title-21/section-73.85","§ 73.85 Caramel. | (a) Identity. (1) The color additive caramel is the dark-brown liquid or solid material resulting from the carefully controlled heat treatment of the following food-grade carbohydrates:","seed: seed 21 CFR 73.85","",""
"C common","ing_caramel_color","Caramel color","status EU_EFSA","Authorised food additive (Annex II), with the note: “The term caramel relates to products of a more or less intense brown colour which are intended for colouring. It does not correspond to the sugary aromatic product obtained from heating sugars and which is used for flavo”","Reg. (EC) 1333/2008, Annex II — E 150a","https://eur-lex.europa.eu/eli/reg/2008/1333/oj","Annex II Part B, list 1: E 150a — Plain caramel ( 1 ) | The term caramel relates to products of a more or less intense brown colour which are intended for colouring. It does not correspond to the sugary aromatic product obtained from heating sugars and which is used for flavouring food (e.g. confectionery, pastry, alcoholic drinks).","parsed: eu_1333_2008 Annex II Part B, E150a","",""
"C common","ing_caramel_color","Caramel color","status HK_CFS","Permitted colouring matter","Cap. 132H, First Schedule","https://www.elegislation.gov.hk/hk/cap132H!en","Cap. 132H First Schedule: Caramel — —","parsed: hk_legislation Cap. 132H","",""
"C common","ing_caramel_color","Caramel color","threshold of concern","JECFA concluded no numerical Acceptable Daily Intake was needed for plain caramel (Class I); the ammonia and sulfite processes have their own limits","JECFA, evaluation of caramel colours — Class I ADI not specified","","","","",""
"C common","ing_caramel_color","Caramel color","typical use","50–5,000 ppm depending on the product","","","{""threshold_of_concern"":""JECFA concluded no numerical Acceptable Daily Intake was needed for plain caramel (Class I); the ammonia and sulfite processes have their own limits"",""typical_concentration_range"":""50–5,000 ppm depending on the product"",""product_type_context"":""ingested""}","seed: seed rakk-app/src/data/seed (ing_caramel_color)","",""
"C common","ing_propyl_gallate","Propyl gallate","what it is / why used","A synthetic antioxidant for fats and oils, often combined with BHA and BHT because the mixture works better than any one alone.","","","""A synthetic antioxidant for fats and oils, often combined with BHA and BHT because the mixture works better than any one alone.""","seed: seed rakk-app/src/data/seed (ing_propyl_gallate)","",""
"C common","ing_propyl_gallate","Propyl gallate","status US_FDA","Generally Recognized as Safe (GRAS)","21 CFR 184.1660","https://www.ecfr.gov/current/title-21/section-184.1660","§ 184.1660 Propyl gallate. | (a) Propyl gallate is the n -propylester of 3,4,5-trihydroxybenzoic acid (C 10 H 12 O 5 ). Natural occurrence of propyl gallate has not been reported. It is commercially prepared by esterification of gallic acid with propyl alcohol followed by distillation to remove excess alcohol.","seed: seed 21 CFR 184.1660","",""
"C common","ing_propyl_gallate","Propyl gallate","status EU_EFSA","Authorised food additive; permitted foods and maximum levels set in Annex II","Reg. (EC) 1333/2008, Annex II — E 310","https://eur-lex.europa.eu/eli/reg/2008/1333/oj","Annex II Part B, list 3: E 310 — Propyl gallate","parsed: eu_1333_2008 Annex II Part B, E310","",""
"C common","ing_propyl_gallate","Propyl gallate","status HK_CFS","Permitted preservative or antioxidant; maximum levels set by food category","Cap. 132BD, Schedule 1","https://www.elegislation.gov.hk/hk/cap132BD!en","Cap. 132BD Schedule 1: 310 Propyl gallate","parsed: hk_legislation Cap. 132BD, INS 310","",""
"C common","ing_propyl_gallate","Propyl gallate","threshold of concern","Acceptable Daily Intake set at 0–1.4 mg per kg of body weight per day (JECFA)","JECFA, evaluation of propyl gallate — ADI 0–1.4 mg/kg body weight","","","","",""
"C common","ing_propyl_gallate","Propyl gallate","typical use","Up to 0.02% of the fat content in US food use","","","{""threshold_of_concern"":""Acceptable Daily Intake set at 0–1.4 mg per kg of body weight per day (JECFA)"",""typical_concentration_range"":""Up to 0.02% of the fat content in US food use"",""product_type_context"":""ingested""}","seed: seed rakk-app/src/data/seed (ing_propyl_gallate)","",""
"C common","ing_sodium_nitrite","Sodium nitrite","what it is / why used","A curing salt used in bacon, ham and hot dogs. It fixes the pink colour and inhibits Clostridium botulinum.","","","""A curing salt used in bacon, ham and hot dogs. It fixes the pink colour and inhibits Clostridium botulinum.""","seed: seed rakk-app/src/data/seed (ing_sodium_nitrite)","",""
"C common","ing_sodium_nitrite","Sodium nitrite","status US_FDA","Permitted as a food additive in curing preparations","21 CFR 172.175","https://www.ecfr.gov/current/title-21/section-172.175","§ 172.175 Sodium nitrite. | The food additive sodium nitrite may be safely used in or on specified foods in accordance with the following prescribed conditions:","seed: seed 21 CFR 172.175","",""
"C common","ing_sodium_nitrite","Sodium nitrite","status EU_EFSA","Authorised food additive; permitted foods and maximum levels set in Annex II","Reg. (EC) 1333/2008, Annex II — E 250","https://eur-lex.europa.eu/eli/reg/2008/1333/oj","Annex II Part B, list 3: E 250 — Sodium nitrite","parsed: eu_1333_2008 Annex II Part B, E250","",""
"C common","ing_sodium_nitrite","Sodium nitrite","status HK_CFS","Permitted preservative or antioxidant; maximum levels set by food category","Cap. 132BD, Schedule 1","https://www.elegislation.gov.hk/hk/cap132BD!en","Cap. 132BD Schedule 1A, Nitrites (249 & 250): Sodium nitrite (250)","parsed: hk_legislation Cap. 132BD, INS 250","",""
"C common","ing_sodium_nitrite","Sodium nitrite","threshold of concern","Acceptable Daily Intake set at 0–0.07 mg per kg of body weight per day, as nitrite ion (JECFA)","JECFA — ADI 0–0.07 mg/kg body weight, as nitrite ion ; EFSA, re-evaluation of nitrites (2017)","","","","",""
"C common","ing_sodium_nitrite","Sodium nitrite","typical use","Up to 200 ppm ingoing in cured meats in the US","","","{""threshold_of_concern"":""Acceptable Daily Intake set at 0–0.07 mg per kg of body weight per day, as nitrite ion (JECFA)"",""typical_concentration_range"":""Up to 200 ppm ingoing in cured meats in the US"",""product_type_context"":""ingested""}","seed: seed rakk-app/src/data/seed (ing_sodium_nitrite)","",""
"C common","ing_sodium_erythorbate","Sodium erythorbate","what it is / why used","The sodium salt of erythorbic acid, used in cured meats to speed up curing and hold colour.","","","""The sodium salt of erythorbic acid, used in cured meats to speed up curing and hold colour.""","seed: seed rakk-app/src/data/seed (ing_sodium_erythorbate)","",""
"C common","ing_sodium_erythorbate","Sodium erythorbate","status US_FDA","Listed in FDA's Substances Added to Food inventory; no FDA regulation is cited","FDA Substances Added to Food","https://hfpappexternal.fda.gov/scripts/fdcc/index.cfm?set=FoodSubstances","CAS Reg No (or other ID): 6381-77-7 | Substance: SODIUM ERYTHORBATE | Other Names: &diams; SODIUM ERYTHORBATE<br />&diams; SODIUM ISOASCORBATE<br />&diams; D-ERYTHRO-HEX-2-ENONIC ACID, GAMMA-LACTONE, MONOSODIUM SALT<br />&diams; MONOSODIUM D-ERYTHRO-HEX-2-ENONIC ACID GAMMA-LACTONE<br />&diams; ARABOASCORBIC ACID, MONOSODIUM SALT, D-<br />&diams; HEX-2-ENONIC ACID GAMMA-LACTONE, D-ERYTHRO-, MONOSODIUM SALT<br />&diams; ERYTHORBATE, SODIUM<br />&diams; ERYTHORBIC ACID, SODIUM SALT | Used for (Technical Effect): ANTIMICROBIAL AGENT,<br /> ANTIOXIDANT,<br /> COLOR OR COLORING ADJUNCT,<br /> DOUGH STRENGTHENER,<br /> FLOUR TREATING AGENT,<br /> OXIDIZING OR REDUCING AGENT,<br /> PROCESSING AID,<br /> SURFACE-FINISHING AGENT | regs Labeling & Standards : 155.2","parsed: fda_saf FDA SAF id 6381-77-7","",""
"C common","ing_sodium_erythorbate","Sodium erythorbate","status EU_EFSA","Authorised food additive; permitted foods and maximum levels set in Annex II","Reg. (EC) 1333/2008, Annex II — E 316","https://eur-lex.europa.eu/eli/reg/2008/1333/oj","Annex II Part B, list 3: E 316 — Sodium erythorbate","parsed: eu_1333_2008 Annex II Part B, E316","",""
"C common","ing_sodium_erythorbate","Sodium erythorbate","status HK_CFS","Permitted preservative or antioxidant; maximum levels set by food category","Cap. 132BD, Schedule 1","https://www.elegislation.gov.hk/hk/cap132BD!en","Cap. 132BD Schedule 1: 316 Sodium erythorbate (sodium isoascorbate)","parsed: hk_legislation Cap. 132BD, INS 316","",""
"C common","ing_sodium_erythorbate","Sodium erythorbate","threshold of concern","Acceptable Daily Intake set at 6 mg per kg of body weight per day (EFSA, 2015)","EFSA ANS Panel (2015). Scientific Opinion on the re-evaluation of erythorbic acid (E 315) and sodium erythorbate (E 316) as food additives. doi:10.2903/j.efsa.2016.4360","","Sodium erythorbate: ADI 6 mg/kg bw/day — Group unit: molecular mass; Remarks: The Panel concluded that there is no reason to revise the ADI of 6 mg/kg bw/day (SCF, 1997)","parsed: efsa_openfoodtox CAS 6381-77-7; 10.2903/j.efsa.2016.4360","",""
"C common","ing_sodium_erythorbate","Sodium erythorbate","typical use","No typical-use figure on file yet.","","","null","seed: seed rakk-app/src/data/seed (ing_sodium_erythorbate)","",""
"C common","ing_silicon_dioxide","Silicon dioxide","what it is / why used","A fine powder that absorbs moisture, added to dry mixes and powders so they pour instead of clumping.","","","""A fine powder that absorbs moisture, added to dry mixes and powders so they pour instead of clumping.""","seed: seed rakk-app/src/data/seed (ing_silicon_dioxide)","",""
"C common","ing_silicon_dioxide","Silicon dioxide","status US_FDA","Generally Recognized as Safe (GRAS), limited to 2 percent by weight","21 CFR 172.480","https://www.ecfr.gov/current/title-21/section-172.480","§ 172.480 Silicon dioxide. | The food additive silicon dioxide may be safely used in food in accordance with the following conditions:","seed: seed 21 CFR 172.480","",""
"C common","ing_silicon_dioxide","Silicon dioxide","status EU_EFSA","Authorised food additive; permitted foods and maximum levels set in Annex II","Reg. (EC) 1333/2008, Annex II — E 551","https://eur-lex.europa.eu/eli/reg/2008/1333/oj","Annex II Part B, list 3: E 551 — Silicon dioxide","parsed: eu_1333_2008 Annex II Part B, E551","",""
"C common","ing_silicon_dioxide","Silicon dioxide","threshold of concern","JECFA concluded no numerical Acceptable Daily Intake was needed (""ADI not specified"")","JECFA, evaluation of silicon dioxide (amorphous) — ADI not specified","","","","",""
"C common","ing_silicon_dioxide","Silicon dioxide","typical use","Up to 2% by weight in dry powders","","","{""threshold_of_concern"":""JECFA concluded no numerical Acceptable Daily Intake was needed (\""ADI not specified\"")"",""typical_concentration_range"":""Up to 2% by weight in dry powders"",""product_type_context"":""ingested""}","seed: seed rakk-app/src/data/seed (ing_silicon_dioxide)","",""
"C common","ing_turmeric","Turmeric","what it is / why used","The root that colours curry powder yellow, used as both a spice and a colouring.","","","""The root that colours curry powder yellow, used as both a spice and a colouring.""","seed: seed rakk-app/src/data/seed (ing_turmeric)","",""
"C common","ing_turmeric","Turmeric","status US_FDA","Colour additive exempt from certification","21 CFR 73.600","https://www.ecfr.gov/current/title-21/section-73.600","§ 73.600 Turmeric. | (a) Identity. (1) The color additive turmeric is the ground rhizome of Curcuma longa L. The definition of turmeric in this paragraph is for the purpose of identity as a color additive only, and shall not be construed as setting forth an official standard for turmeric under section 401 of the act.","seed: seed 21 CFR 73.600","",""
"C common","ing_turmeric","Turmeric","status EU_EFSA","Authorised food additive; permitted foods and maximum levels set in Annex II","Reg. (EC) 1333/2008, Annex II — E 100","https://eur-lex.europa.eu/eli/reg/2008/1333/oj","Annex II Part B, list 1: E 100 — Curcumin","parsed: eu_1333_2008 Annex II Part B, E100","",""
"C common","ing_turmeric","Turmeric","status HK_CFS","Permitted colouring matter","Cap. 132H, First Schedule","https://www.elegislation.gov.hk/hk/cap132H!en","Cap. 132H First Schedule: (h) Turmeric (Curcumin) — 75300","parsed: hk_legislation Cap. 132H","",""
"C common","ing_cream_of_tartar","Cream of tartar","what it is / why used","An acid salt left behind by winemaking. It reacts with baking soda to leaven, and stabilises whipped egg whites.","","","""An acid salt left behind by winemaking. It reacts with baking soda to leaven, and stabilises whipped egg whites.""","seed: seed rakk-app/src/data/seed (ing_cream_of_tartar)","",""
"C common","ing_cream_of_tartar","Cream of tartar","status US_FDA","Generally Recognized as Safe (GRAS)","21 CFR 184.1077","https://www.ecfr.gov/current/title-21/section-184.1077","§ 184.1077 Potassium acid tartrate. | (a) Potassium acid tartrate (C 4 H 5 KO 6 , CAS Reg. No. 868-14-4) is the potassium acid salt of l−(+)−tartaric acid and is also called potassium bitartrate or cream of tartar. It occurs as colorless or slightly opaque crystals or as a white, crystalline powder. It has a pleasant, acid taste. It is obtained as a byproduct of wine manufacture.","seed: seed 21 CFR 184.1077","",""
"C common","ing_cream_of_tartar","Cream of tartar","status EU_EFSA","Authorised food additive; permitted foods and maximum levels set in Annex II","Reg. (EC) 1333/2008, Annex II — E 336","https://eur-lex.europa.eu/eli/reg/2008/1333/oj","Annex II Part B, list 3: E 336 — Potassium tartrates","parsed: eu_1333_2008 Annex II Part B, E336","",""
"C common","ing_cream_of_tartar","Cream of tartar","threshold of concern","Acceptable Daily Intake set at 240 mg per kg of body weight per day (group ADI) (EFSA, 2020)","EFSA FAF Panel (2020). Re-evaluation of L(+)-tartaric acid (E 334), sodium tartrates (E 335), potassium tartrates (E 336), potassium sodium tartrate (E 337) and calcium tartrate (E 354) as food additives. doi:10.2903/j.efsa.2020.6030","","Potassium acid tartrate: ADI 240 mg/kg bw/day — Group unit: equivalents; Comments: ADI (group); Remarks: The Panel concluded that the data on systemic availability were robust enough to derive a chemical-specific uncertainty factor instead of the usual default uncertainty factor of 100. Therefore, a total uncertainty factor of 10 was derived by applying a total interspecies uncertainty factor of 1 instead of 10, based on data showing lower internal exposure in humans compared to rats. The Panel established a group ADI for L(+)-tartaric acid and tartrates (E 334-337 and E 354) of 240 mg/kg bw per day, expressed as tartaric acid, by applying","parsed: efsa_openfoodtox CAS 868-14-4; 10.2903/j.efsa.2020.6030","",""
"C common","ing_cream_of_tartar","Cream of tartar","typical use","No typical-use figure on file yet.","","","null","seed: seed rakk-app/src/data/seed (ing_cream_of_tartar)","",""
"C common","ing_calcium_carbonate","Calcium carbonate","what it is / why used","A mineral used both to add calcium to fortified foods and to reduce acidity. It is the same compound as chalk and limestone.","","","""A mineral used both to add calcium to fortified foods and to reduce acidity. It is the same compound as chalk and limestone.""","seed: seed rakk-app/src/data/seed (ing_calcium_carbonate)","",""
"C common","ing_calcium_carbonate","Calcium carbonate","status US_FDA","Generally Recognized as Safe (GRAS)","21 CFR 184.1191","https://www.ecfr.gov/current/title-21/section-184.1191","§ 184.1191 Calcium carbonate. | (a) Calcium carbonate (CaCO 3 , CAS Reg. No. 471-34-1) is prepared by three common methods of manufacture:","seed: seed 21 CFR 184.1191","",""
"C common","ing_calcium_carbonate","Calcium carbonate","status EU_EFSA","Authorised food additive; permitted foods and maximum levels set in Annex II","Reg. (EC) 1333/2008, Annex II — E 170","https://eur-lex.europa.eu/eli/reg/2008/1333/oj","Annex II Part B, list 3: E 170 — Calcium carbonate","parsed: eu_1333_2008 Annex II Part B, E170","",""
"C common","ing_guar_gum","Guar gum","what it is / why used","Ground endosperm of the guar bean. It thickens cold liquid and is common in ice cream, sauces and gluten-free baking.","","","""Ground endosperm of the guar bean. It thickens cold liquid and is common in ice cream, sauces and gluten-free baking.""","seed: seed rakk-app/src/data/seed (ing_guar_gum)","",""
"C common","ing_guar_gum","Guar gum","status US_FDA","Generally Recognized as Safe (GRAS)","21 CFR 184.1339","https://www.ecfr.gov/current/title-21/section-184.1339","§ 184.1339 Guar gum. | (a) Guar gum is the natural substance obtained from the maceration of the seed of the guar plant, Cyamopsis tetragonoloba (Linne) Taub., or Cyamopsis psoraloides (Lam.) D.C.","seed: seed 21 CFR 184.1339","",""
"C common","ing_guar_gum","Guar gum","status EU_EFSA","Authorised food additive; permitted foods and maximum levels set in Annex II","Reg. (EC) 1333/2008, Annex II — E 412","https://eur-lex.europa.eu/eli/reg/2008/1333/oj","Annex II Part B, list 3: E 412 — Guar gum","parsed: eu_1333_2008 Annex II Part B, E412","",""
"C common","ing_guar_gum","Guar gum","threshold of concern","JECFA concluded no numerical Acceptable Daily Intake was needed (""ADI not specified"")","JECFA, evaluation of guar gum — ADI not specified","","","","",""
"C common","ing_guar_gum","Guar gum","typical use","0.1–1% in ice cream and sauces","","","{""threshold_of_concern"":""JECFA concluded no numerical Acceptable Daily Intake was needed (\""ADI not specified\"")"",""typical_concentration_range"":""0.1–1% in ice cream and sauces"",""product_type_context"":""ingested""}","seed: seed rakk-app/src/data/seed (ing_guar_gum)","",""
"C common","ing_interesterified_oil","Interesterified soybean oil","what it is / why used","Oil whose fatty acids have been rearranged to make it solid at room temperature without producing trans fat.","","","""Oil whose fatty acids have been rearranged to make it solid at room temperature without producing trans fat.""","seed: seed rakk-app/src/data/seed (ing_interesterified_oil)","",""
"C common","ing_anthocyanins","Anthocyanins","what it is / why used","The purple and red pigments of berries, grapes and purple vegetables, used as colouring. Their shade shifts with acidity.","","","""The purple and red pigments of berries, grapes and purple vegetables, used as colouring. Their shade shifts with acidity.""","seed: seed rakk-app/src/data/seed (ing_anthocyanins)","",""
"C common","ing_anthocyanins","Anthocyanins","status US_FDA","Permanently listed, exempt from certification","21 CFR 73.170","https://www.ecfr.gov/current/title-21/section-73.170","CAS Reg No or other ID code: 11029-12-2 | Color: Grape Skin Extract (Enocianina) | EEC No: 163 | Status: Permanently listed, exempt from certification | Use: Foods | RESTRICTIONS: Still & carbonated drinks &ades; beverage bases; alcoholic beverages (restr. 27 CFR Parts 4 & 5) | End Notes Detail: none | RegnumCA1: 73.170 | Citation 1a: 27 FR 5953 | Date FR 1a inc estimates: 06/23/1962 | Action 1a: Provisional Regulation | Limitations 1: Provisional food use. | Citation 2a: 31 FR 4784 | Date FR 2a: 03/22/1966 | Action 2a: Final Rule | Citation 2b: 31 FR 7172 | Date FR 2b: 05/17/1966 | Action 2b: Final Rule; confirmation of effective date | Limitations 2: Coloring still and carbonated drinks and ades, beverage bases and alcoholic beverages.","parsed: fda_color_additives Color Additive Status List: Grape Skin Extract (Enocianina); 21 CFR 73.170","",""
"C common","ing_anthocyanins","Anthocyanins","status EU_EFSA","Authorised food additive; permitted foods and maximum levels set in Annex II","Reg. (EC) 1333/2008, Annex II — E 163","https://eur-lex.europa.eu/eli/reg/2008/1333/oj","Annex II Part B, list 1: E 163 — Anthocyanins","parsed: eu_1333_2008 Annex II Part B, E163","",""
"C common","ing_disodium_inosinate","Disodium inosinate","what it is / why used","A savoury flavour enhancer usually paired with glutamate, where each strengthens the other. It occurs naturally in meat and fish.","","","""A savoury flavour enhancer usually paired with glutamate, where each strengthens the other. It occurs naturally in meat and fish.""","seed: seed rakk-app/src/data/seed (ing_disodium_inosinate)","",""
"C common","ing_disodium_inosinate","Disodium inosinate","status US_FDA","Permitted for direct addition to food, under the conditions in the regulation","21 CFR 172.535","https://www.ecfr.gov/current/title-21/section-172.535","§ 172.535 Disodium inosinate. | The food additive disodium inosinate may be safely used in food in accordance with the following prescribed conditions:","parsed: ecfr_21_subchapter_b 21 CFR 172.535","",""
"C common","ing_disodium_inosinate","Disodium inosinate","status EU_EFSA","Authorised food additive; permitted foods and maximum levels set in Annex II","Reg. (EC) 1333/2008, Annex II — E 631","https://eur-lex.europa.eu/eli/reg/2008/1333/oj","Annex II Part B, list 3: E 631 — Disodium inosinate","parsed: eu_1333_2008 Annex II Part B, E631","",""
"C common","ing_disodium_inosinate","Disodium inosinate","threshold of concern","JECFA concluded no numerical Acceptable Daily Intake was needed (""ADI not specified"")","JECFA, evaluation of inosinic acid and its salts — ADI not specified","","","","",""
"C common","ing_disodium_inosinate","Disodium inosinate","typical use","Typically under 0.1%, alongside glutamate","","","{""threshold_of_concern"":""JECFA concluded no numerical Acceptable Daily Intake was needed (\""ADI not specified\"")"",""typical_concentration_range"":""Typically under 0.1%, alongside glutamate"",""product_type_context"":""ingested""}","seed: seed rakk-app/src/data/seed (ing_disodium_inosinate)","",""
"C common","ing_natural_flavor","Natural flavor","what it is / why used","A collective term for flavouring taken from a plant or animal source. The specific substances are not itemised on the label, which is permitted under US labelling rules.","","","""A collective term for flavouring taken from a plant or animal source. The specific substances are not itemised on the label, which is permitted under US labelling rules.""","seed: seed rakk-app/src/data/seed (ing_natural_flavor)","",""
"C common","ing_natural_flavor","Natural flavor","status US_FDA","Labelling term defined by regulation","21 CFR 101.22","https://www.ecfr.gov/current/title-21/section-101.22","§ 101.22 Foods; labeling of spices, flavorings, colorings and chemical preservatives. | (a)(1) The term artificial flavor or artificial flavoring means any substance, the function of which is to impart flavor, which is not derived from a spice, fruit or fruit juice, vegetable or vegetable juice, edible yeast, herb, bark, bud, root, leaf or similar plant material, meat, fish, poultry, eggs, dairy products, or fermentation products thereof. Artificial flavor includes the substances listed in §§ 172.515(b) and 182.60 of this chapter except where these are derived from natural sources.","seed: seed 21 CFR 101.22","",""
"C common","ing_yellow_6","FD&C Yellow No. 6","what it is / why used","A synthetic orange-yellow colour used in snacks, drinks and sauces. In the EU it carries the attention-in-children notice.","","","""A synthetic orange-yellow colour used in snacks, drinks and sauces. In the EU it carries the attention-in-children notice.""","seed: seed rakk-app/src/data/seed (ing_yellow_6)","",""
"C common","ing_yellow_6","FD&C Yellow No. 6","status US_FDA","Colour additive subject to batch certification","21 CFR 74.706","https://www.ecfr.gov/current/title-21/section-74.706","§ 74.706 FD&C Yellow No. 6. | (a) Identity. (1) The color additive FD&C Yellow No. 6 is principally the disodium salt of 6-hydroxy-5-[(4-sulfophenyl)azo]-2-naphthalenesulfonic acid (CAS Reg. No. 2783-94-0). The trisodium salt of 3-hydroxy-4-[(4-sulfophenyl)azo]-2,7-naphthalenedisulfonic acid (CAS Reg. No. 50880-65-4) may be added in small amounts. The color additive is manufactured by diazotizing 4-aminobenzenesulfonic acid using hydrochloric acid and sodium nitrite or sulfuric acid and sodium nitrite. The diazo compound is coupled with 6-hydroxy-2-naphthalene-sulfonic acid. The dye is isolated as the sodium salt and dried. The trisodium salt of 3-hydroxy-4-[(4-sulfophenyl)azo]-2,7-naphthalenedisulfonic acid which may be blended with the principal color is prepared in the same manner except the diazo benzenesulfonic acid is coupled with 3-hydroxy-2,7-naphthalenedisulfonic acid.","seed: seed 21 CFR 74.706","",""
"C common","ing_yellow_6","FD&C Yellow No. 6","status EU_EFSA","Authorised food additive; permitted foods and maximum levels set in Annex II","Reg. (EC) 1333/2008, Annex II — E 110","https://eur-lex.europa.eu/eli/reg/2008/1333/oj","Annex II Part B, list 1: E 110 — Sunset Yellow FCF/Orange Yellow S","parsed: eu_1333_2008 Annex II Part B, E110","",""
"C common","ing_yellow_6","FD&C Yellow No. 6","status HK_CFS","Permitted colouring matter","Cap. 132H, First Schedule","https://www.elegislation.gov.hk/hk/cap132H!en","Cap. 132H First Schedule: Sunset Yellow FCF — disodium salt of 1-p-sulphophenylazo-2-naphthol-6-sulphonic acid. — 15985","parsed: hk_legislation Cap. 132H","",""
"C common","ing_yellow_6","FD&C Yellow No. 6","threshold of concern","Acceptable Daily Intake set at 0–4 mg per kg of body weight per day (JECFA)","JECFA, evaluation of sunset yellow FCF — ADI 0–4 mg/kg body weight","","","","",""
"C common","ing_yellow_6","FD&C Yellow No. 6","typical use","10–300 ppm depending on the product","","","{""threshold_of_concern"":""Acceptable Daily Intake set at 0–4 mg per kg of body weight per day (JECFA)"",""typical_concentration_range"":""10–300 ppm depending on the product"",""product_type_context"":""ingested""}","seed: seed rakk-app/src/data/seed (ing_yellow_6)","",""
"C common","ing_bha","BHA","what it is / why used","A synthetic antioxidant used in fats, cereals and snack foods to slow rancidity. It is stable at frying temperatures, which is why it persists in fried products.","","","""A synthetic antioxidant used in fats, cereals and snack foods to slow rancidity. It is stable at frying temperatures, which is why it persists in fried products.""","seed: seed rakk-app/src/data/seed (ing_bha)","",""
"C common","ing_bha","BHA","status US_FDA","Permitted as a food additive, with use limits","21 CFR 172.110","https://www.ecfr.gov/current/title-21/section-172.110","§ 172.110 BHA. | The food additive BHA (butylated hydroxyanisole) alone or in combination with other antioxidants permitted in food for human consumption in this subpart B may be safely used in or on specified foods, as follows:","seed: seed 21 CFR 172.110","",""
"C common","ing_bha","BHA","status EU_EFSA","Authorised food additive; permitted foods and maximum levels set in Annex II","Reg. (EC) 1333/2008, Annex II — E 320","https://eur-lex.europa.eu/eli/reg/2008/1333/oj","Annex II Part B, list 3: E 320 — Butylated hydroxyanisole (BHA)","parsed: eu_1333_2008 Annex II Part B, E320","",""
"C common","ing_bha","BHA","status HK_CFS","Permitted preservative or antioxidant; maximum levels set by food category","Cap. 132BD, Schedule 1","https://www.elegislation.gov.hk/hk/cap132BD!en","Cap. 132BD Schedule 1: 320 Butylated hydroxyanisole","parsed: hk_legislation Cap. 132BD, INS 320","",""
"C common","ing_bha","BHA","threshold of concern","Acceptable Daily Intake set at 0–0.5 mg per kg of body weight per day (JECFA)","JECFA — ADI 0–0.5 mg/kg body weight","","","","",""
"C common","ing_bha","BHA","typical use","Up to 0.02% of the fat content in US food use","","","{""threshold_of_concern"":""Acceptable Daily Intake set at 0–0.5 mg per kg of body weight per day (JECFA)"",""typical_concentration_range"":""Up to 0.02% of the fat content in US food use"",""product_type_context"":""ingested""}","seed: seed rakk-app/src/data/seed (ing_bha)","",""
"C common","ing_sucrose_esters","Sucrose esters of fatty acids","what it is / why used","Emulsifiers built from sugar and fatty acids, used to blend oil and water and to coat fresh fruit.","","","""Emulsifiers built from sugar and fatty acids, used to blend oil and water and to coat fresh fruit.""","seed: seed rakk-app/src/data/seed (ing_sucrose_esters)","",""
"C common","ing_sucrose_esters","Sucrose esters of fatty acids","status EU_EFSA","Authorised food additive; permitted foods and maximum levels set in Annex II","Reg. (EC) 1333/2008, Annex II — E 473","https://eur-lex.europa.eu/eli/reg/2008/1333/oj","Annex II Part B, list 3: E 473 — Sucrose esters of fatty acids","parsed: eu_1333_2008 Annex II Part B, E473","",""
"C common","ing_sucrose_esters","Sucrose esters of fatty acids","threshold of concern","Acceptable Daily Intake set at 0–30 mg per kg of body weight per day (JECFA)","JECFA, evaluation of sucrose esters of fatty acids — ADI 0–30 mg/kg body weight","","","","",""
"C common","ing_sucrose_esters","Sucrose esters of fatty acids","typical use","0.1–0.5% in baked goods and beverages","","","{""threshold_of_concern"":""Acceptable Daily Intake set at 0–30 mg per kg of body weight per day (JECFA)"",""typical_concentration_range"":""0.1–0.5% in baked goods and beverages"",""product_type_context"":""ingested""}","seed: seed rakk-app/src/data/seed (ing_sucrose_esters)","",""
"C common","ing_sunflower_lecithin","Sunflower lecithin","what it is / why used","Lecithin extracted from sunflower seeds, used to keep oil and water from separating.","","","""Lecithin extracted from sunflower seeds, used to keep oil and water from separating.""","seed: seed rakk-app/src/data/seed (ing_sunflower_lecithin)","",""
"C common","ing_sunflower_lecithin","Sunflower lecithin","status US_FDA","Notified to FDA as GRAS for its intended use; FDA had no questions (2 notices)","GRN 1267","https://hfpappexternal.fda.gov/scripts/fdcc/index.cfm?set=GRASNotices&id=1267","GRAS Notice (GRN) No.: 1267 | Substance: Sunflower lecithin | Intended Use: Intended for use as an emulsifier, surfactant, dispersing agent, and a dietary source of choline and fatty acids in various foods. | Basis: Scientific procedures | Notifier: Shankar Nutricon | Notifier Address: Pithampur Industrial Area, 808, sector 3 Pithampur, Madhya Pradesh Indore, 45 4774 INDIA | GRN Part 1: GRN 1267 (in PDF) | GRN Part 2: GRN 1267 amendments (in PDF) | Date of closure: 02/17/2026 | FDA's Letter: FDA has no questions (in PDF)","parsed: fda_gras_notices GRN 1267, 939","",""
"C common","ing_sunflower_lecithin","Sunflower lecithin","status EU_EFSA","Authorised food additive; permitted foods and maximum levels set in Annex II","Reg. (EC) 1333/2008, Annex II — E 322","https://eur-lex.europa.eu/eli/reg/2008/1333/oj","Annex II Part B, list 3: E 322 — Lecithins","parsed: eu_1333_2008 Annex II Part B, E322","",""
"C common","ing_sunflower_lecithin","Sunflower lecithin","status HK_CFS","Permitted preservative or antioxidant; maximum levels set by food category","Cap. 132BD, Schedule 1","https://www.elegislation.gov.hk/hk/cap132BD!en","Cap. 132BD Schedule 1: 322 Lecithins","parsed: hk_legislation Cap. 132BD, INS 322","",""
"C common","ing_sunflower_lecithin","Sunflower lecithin","threshold of concern","JECFA concluded no numerical Acceptable Daily Intake was needed (""ADI not specified"")","JECFA, evaluation of lecithin — ADI not specified","","","","",""
"C common","ing_sunflower_lecithin","Sunflower lecithin","typical use","0.1–0.5% in chocolate and baked goods","","","{""threshold_of_concern"":""JECFA concluded no numerical Acceptable Daily Intake was needed (\""ADI not specified\"")"",""typical_concentration_range"":""0.1–0.5% in chocolate and baked goods"",""product_type_context"":""ingested""}","seed: seed rakk-app/src/data/seed (ing_sunflower_lecithin)","",""
"C common","ing_folic_acid","Folic acid","what it is / why used","The synthetic form of folate. Enrichment of cereal grain products with it has been mandatory in the US since 1998.","","","""The synthetic form of folate. Enrichment of cereal grain products with it has been mandatory in the US since 1998.""","seed: seed rakk-app/src/data/seed (ing_folic_acid)","",""
"C common","ing_folic_acid","Folic acid","status US_FDA","Permitted for addition to enriched grain products","21 CFR 172.345","https://www.ecfr.gov/current/title-21/section-172.345","§ 172.345 Folic acid (folacin). | Folic acid (CAS Reg. No. 59-30-3), also known as folacin or folate, may be safely used in food as a nutrient in accordance with the following prescribed conditions:","seed: seed 21 CFR 172.345","",""
"C common","ing_red_40","FD&C Red No. 40","what it is / why used","A synthetic red colour and the most used certified colour in the US. In the EU, foods containing it carry a notice about effects on attention in children.","","","""A synthetic red colour and the most used certified colour in the US. In the EU, foods containing it carry a notice about effects on attention in children.""","seed: seed rakk-app/src/data/seed (ing_red_40)","",""
"C common","ing_red_40","FD&C Red No. 40","status US_FDA","Colour additive subject to batch certification","21 CFR 74.340","https://www.ecfr.gov/current/title-21/section-74.340","§ 74.340 FD&C Red No. 40. | (a) Identity. (1) The color additive FD&C Red No. 40 is principally the disodium salt of 6-hydroxy-5-[(2-methoxy-5-methyl-4-sulfophenyl)azo]-2-naphthalenesulfonic acid.","seed: seed 21 CFR 74.340","",""
"C common","ing_red_40","FD&C Red No. 40","status EU_EFSA","Authorised food additive; permitted foods and maximum levels set in Annex II","Reg. (EC) 1333/2008, Annex II — E 129","https://eur-lex.europa.eu/eli/reg/2008/1333/oj","Annex II Part B, list 1: E 129 — Allura Red AC","parsed: eu_1333_2008 Annex II Part B, E129","",""
"C common","ing_red_40","FD&C Red No. 40","status HK_CFS","Permitted colouring matter","Cap. 132H, First Schedule","https://www.elegislation.gov.hk/hk/cap132H!en","Cap. 132H First Schedule: Allura Red AC — disodium salt of 6-hydroxy-5-[(2-methoxy-5-methyl-4-sulphophenyl)-azo]-2-naphthalene-sulphonic acid. — 16035","parsed: hk_legislation Cap. 132H","",""
"C common","ing_red_40","FD&C Red No. 40","threshold of concern","Acceptable Daily Intake set at 0–7 mg per kg of body weight per day (JECFA)","JECFA — ADI 0–7 mg/kg body weight","","","","",""
"C common","ing_red_40","FD&C Red No. 40","typical use","10–300 ppm depending on the product","","","{""threshold_of_concern"":""Acceptable Daily Intake set at 0–7 mg per kg of body weight per day (JECFA)"",""typical_concentration_range"":""10–300 ppm depending on the product"",""product_type_context"":""ingested""}","seed: seed rakk-app/src/data/seed (ing_red_40)","",""
"C common","ing_pgpr","Polyglycerol polyricinoleate","what it is / why used","An emulsifier made from castor oil, used in chocolate so it flows properly during moulding with less cocoa butter.","","","""An emulsifier made from castor oil, used in chocolate so it flows properly during moulding with less cocoa butter.""","seed: seed rakk-app/src/data/seed (ing_pgpr)","",""
"C common","ing_pgpr","Polyglycerol polyricinoleate","status US_FDA","Notified to FDA as GRAS for its intended use; FDA had no questions","GRN 266","https://hfpappexternal.fda.gov/scripts/fdcc/index.cfm?set=GRASNotices&id=266","GRAS Notice (GRN) No.: 266 | Substance: Polyglycerol polyricinoleate | Intended Use: As an emulsifier in chocolate-type products based on vegetable fats other than cocoa butter, at levels up to 0.3 percent and in accordance with good manufacturing practices | Basis: Scientific procedures | Notifier: Palsgaard A/S | Notifier Address: Palsgaardvej 10 7130 Juelsminde DENMARK | Date of filing: 11/14/2008 | GRN Part 1: GRN 266 (in PDF) | Date of closure: 05/29/2009 | FDA's Letter: FDA has no questions","parsed: fda_gras_notices GRN 266","",""
"C common","ing_pgpr","Polyglycerol polyricinoleate","status EU_EFSA","Authorised food additive; permitted foods and maximum levels set in Annex II","Reg. (EC) 1333/2008, Annex II — E 476","https://eur-lex.europa.eu/eli/reg/2008/1333/oj","Annex II Part B, list 3: E 476 — Polyglycerol polyricinoleate","parsed: eu_1333_2008 Annex II Part B, E476","",""
"C common","ing_pgpr","Polyglycerol polyricinoleate","threshold of concern","Acceptable Daily Intake set at 0–7.5 mg per kg of body weight per day (JECFA)","JECFA, evaluation of polyglycerol polyricinoleate — ADI 0–7.5 mg/kg body weight","","","","",""
"C common","ing_pgpr","Polyglycerol polyricinoleate","typical use","Up to 0.5% in chocolate, and commonly far less","","","{""threshold_of_concern"":""Acceptable Daily Intake set at 0–7.5 mg per kg of body weight per day (JECFA)"",""typical_concentration_range"":""Up to 0.5% in chocolate, and commonly far less"",""product_type_context"":""ingested""}","seed: seed rakk-app/src/data/seed (ing_pgpr)","",""
"C common","ing_neotame","Neotame","what it is / why used","A sweetener related to aspartame but far sweeter, so the amount used is tiny. It does not require a phenylalanine declaration.","","","""A sweetener related to aspartame but far sweeter, so the amount used is tiny. It does not require a phenylalanine declaration.""","seed: seed rakk-app/src/data/seed (ing_neotame)","",""
"C common","ing_neotame","Neotame","status US_FDA","Approved as a general-purpose sweetener","21 CFR 172.829","https://www.ecfr.gov/current/title-21/section-172.829","§ 172.829 Neotame. | (a) Neotame is the chemical N -[ N -(3,3-dimethylbutyl)-L-α-aspartyl]-L-phenylalanine-1-methyl ester (CAS Reg. No. 165450-17-9).","seed: seed 21 CFR 172.829","",""
"C common","ing_neotame","Neotame","status EU_EFSA","Authorised food additive; permitted foods and maximum levels set in Annex II","Reg. (EC) 1333/2008, Annex II — E 961","https://eur-lex.europa.eu/eli/reg/2008/1333/oj","Annex II Part B, list 2: E 961 — Neotame","parsed: eu_1333_2008 Annex II Part B, E961","",""
"C common","ing_neotame","Neotame","status HK_CFS","Permitted sweetener","Cap. 132U, Schedule","https://www.elegislation.gov.hk/hk/cap132U!en","Cap. 132U Schedule (Permitted Sweeteners), item 9: Neotame","parsed: hk_legislation Cap. 132U","",""
"C common","ing_neotame","Neotame","threshold of concern","Acceptable Daily Intake set at 0–2 mg per kg of body weight per day (JECFA)","JECFA, evaluation of neotame — ADI 0–2 mg/kg body weight","","","","",""
"C common","ing_neotame","Neotame","typical use","Used in very small amounts; far sweeter than aspartame","","","{""threshold_of_concern"":""Acceptable Daily Intake set at 0–2 mg per kg of body weight per day (JECFA)"",""typical_concentration_range"":""Used in very small amounts; far sweeter than aspartame"",""product_type_context"":""ingested""}","seed: seed rakk-app/src/data/seed (ing_neotame)","",""
"C common","ing_artificial_flavor","Artificial flavor","what it is / why used","A collective term for flavouring made synthetically rather than extracted from a plant or animal. The individual substances are not itemised on the label.","","","""A collective term for flavouring made synthetically rather than extracted from a plant or animal. The individual substances are not itemised on the label.""","seed: seed rakk-app/src/data/seed (ing_artificial_flavor)","",""
"C common","ing_artificial_flavor","Artificial flavor","status US_FDA","Labelling term defined by regulation","21 CFR 101.22","https://www.ecfr.gov/current/title-21/section-101.22","§ 101.22 Foods; labeling of spices, flavorings, colorings and chemical preservatives. | (a)(1) The term artificial flavor or artificial flavoring means any substance, the function of which is to impart flavor, which is not derived from a spice, fruit or fruit juice, vegetable or vegetable juice, edible yeast, herb, bark, bud, root, leaf or similar plant material, meat, fish, poultry, eggs, dairy products, or fermentation products thereof. Artificial flavor includes the substances listed in §§ 172.515(b) and 182.60 of this chapter except where these are derived from natural sources.","seed: seed 21 CFR 101.22","",""
"C common","ing_sodium_benzoate","Sodium benzoate","what it is / why used","The sodium salt of benzoic acid. It stops yeast and mould growing in acidic products, which is why it turns up mostly in soft drinks, dressings and pickles.","","","""The sodium salt of benzoic acid. It stops yeast and mould growing in acidic products, which is why it turns up mostly in soft drinks, dressings and pickles.""","seed: seed rakk-app/src/data/seed (ing_sodium_benzoate)","",""
"C common","ing_sodium_benzoate","Sodium benzoate","status US_FDA","GRAS, limited to 0.1 percent by weight","21 CFR 184.1733","https://www.ecfr.gov/current/title-21/section-184.1733","§ 184.1733 Sodium benzoate. | (a) Sodium benzoate is the chemical benzoate of soda (C 7 H 5 NaO 2 ), produced by the neutralization of benzoic acid with sodium bicarbonate, sodium carbonate, or sodium hydroxide. The salt is not found to occur naturally.","seed: seed 21 CFR 184.1733","",""
"C common","ing_sodium_benzoate","Sodium benzoate","status EU_EFSA","Authorised food additive (Annex II), with the note: “Benzoic acid may be present in certain fermented products resulting from the fermentation process following good manufacturing practice.”","Reg. (EC) 1333/2008, Annex II — E 211","https://eur-lex.europa.eu/eli/reg/2008/1333/oj","Annex II Part B, list 3: E 211 — Sodium benzoate ( 1 ) | Benzoic acid may be present in certain fermented products resulting from the fermentation process following good manufacturing practice.","parsed: eu_1333_2008 Annex II Part B, E211","",""
"C common","ing_sodium_benzoate","Sodium benzoate","status CODEX","Listed in the General Standard for Food Additives","INS 211","","Listed in the General Standard for Food Additives","seed: seed INS 211","",""
"C common","ing_sodium_benzoate","Sodium benzoate","status HK_CFS","Permitted preservative or antioxidant; maximum levels set by food category","Cap. 132BD, Schedule 1","https://www.elegislation.gov.hk/hk/cap132BD!en","Cap. 132BD Schedule 1A, Benzoates (210–213): Sodium benzoate (211)","parsed: hk_legislation Cap. 132BD, INS 211","",""
"C common","ing_sodium_benzoate","Sodium benzoate","threshold of concern","Acceptable Daily Intake set at 0–5 mg per kg of body weight per day (JECFA)","JECFA — ADI 0–5 mg/kg body weight, as benzoic acid ; EFSA ANS Panel, re-evaluation of benzoic acid and benzoates (2016)","","","","",""
"C common","ing_sodium_benzoate","Sodium benzoate","typical use","0.05–0.1% in soft drinks","","","{""threshold_of_concern"":""Acceptable Daily Intake set at 0–5 mg per kg of body weight per day (JECFA)"",""typical_concentration_range"":""0.05–0.1% in soft drinks"",""product_type_context"":""ingested""}","seed: seed rakk-app/src/data/seed (ing_sodium_benzoate)","",""
"C common","ing_propylene_glycol","Propylene glycol","what it is / why used","A liquid that holds moisture and dissolves flavourings. It carries colours and flavours into a product evenly.","","","""A liquid that holds moisture and dissolves flavourings. It carries colours and flavours into a product evenly.""","seed: seed rakk-app/src/data/seed (ing_propylene_glycol)","",""
"C common","ing_propylene_glycol","Propylene glycol","status US_FDA","Generally Recognized as Safe (GRAS)","21 CFR 184.1666","https://www.ecfr.gov/current/title-21/section-184.1666","§ 184.1666 Propylene glycol. | (a) Propylene glycol (C 3 H 8 O 2 , CAS Reg. No. 57-55-6) is known as 1,2-propanediol. It does not occur in nature. Propylene glycol is manufactured by treating propylene with chlorinated water to form the chlorohydrin which is converted to the glycol by treatment with sodium carbonate solution. It is also prepared by heating glycerol with sodium hydroxide.","seed: seed 21 CFR 184.1666","",""
"C common","ing_propylene_glycol","Propylene glycol","status EU_EFSA","Authorised food additive; permitted foods and maximum levels set in Annex II","Reg. (EC) 1333/2008, Annex II — E 1520","https://eur-lex.europa.eu/eli/reg/2008/1333/oj","Annex II Part B, list 3: E 1520 — Propane-1, 2-diol (propylene glycol)","parsed: eu_1333_2008 Annex II Part B, E1520","",""
"C common","ing_propylene_glycol","Propylene glycol","threshold of concern","Acceptable Daily Intake set at 0–25 mg per kg of body weight per day (JECFA)","JECFA, evaluation of propylene glycol — ADI 0–25 mg/kg body weight","","","","",""
"C common","ing_propylene_glycol","Propylene glycol","typical use","Up to 5% as a carrier for flavours and colours","","","{""threshold_of_concern"":""Acceptable Daily Intake set at 0–25 mg per kg of body weight per day (JECFA)"",""typical_concentration_range"":""Up to 5% as a carrier for flavours and colours"",""product_type_context"":""ingested""}","seed: seed rakk-app/src/data/seed (ing_propylene_glycol)","",""
"C common","ing_corn_syrup","Corn syrup","what it is / why used","A syrup of glucose made by breaking down corn starch. It sweetens and stops sugar crystallising in confectionery.","","","""A syrup of glucose made by breaking down corn starch. It sweetens and stops sugar crystallising in confectionery.""","seed: seed rakk-app/src/data/seed (ing_corn_syrup)","",""
"C common","ing_corn_syrup","Corn syrup","status US_FDA","Generally Recognized as Safe (GRAS)","21 CFR 184.1865","https://www.ecfr.gov/current/title-21/section-184.1865","§ 184.1865 Corn syrup. | (a) Corn syrup, commonly called “glucose sirup” or “glucose syrup,” is obtained by partial hydrolysis of corn starch with safe and suitable acids or enzymes. It may also occur in the dehydrated form (dried glucose sirup). Depending on the degree of hydrolysis, corn syrup may contain, in addition to glucose, maltose and higher saccharides.","seed: seed 21 CFR 184.1865","",""
"C common","ing_carrageenan","Carrageenan","what it is / why used","An extract of red seaweed used to thicken and to stop ingredients separating — it is what keeps the cocoa in chocolate milk from sinking.","","","""An extract of red seaweed used to thicken and to stop ingredients separating — it is what keeps the cocoa in chocolate milk from sinking.""","seed: seed rakk-app/src/data/seed (ing_carrageenan)","",""
"C common","ing_carrageenan","Carrageenan","status US_FDA","Permitted as a direct food additive","21 CFR 172.620","https://www.ecfr.gov/current/title-21/section-172.620","§ 172.620 Carrageenan. | The food additive carrageenan may be safely used in food in accordance with the following prescribed conditions:","seed: seed 21 CFR 172.620","",""
"C common","ing_carrageenan","Carrageenan","status EU_EFSA","Authorised food additive; permitted foods and maximum levels set in Annex II","Reg. (EC) 1333/2008, Annex II — E 407","https://eur-lex.europa.eu/eli/reg/2008/1333/oj","Annex II Part B, list 3: E 407 — Carrageenan","parsed: eu_1333_2008 Annex II Part B, E407","",""
"C common","ing_carrageenan","Carrageenan","threshold of concern","EFSA set an Acceptable Daily Intake of 75 mg per kg of body weight per day in its 2018 re-evaluation","EFSA ANS Panel, re-evaluation of carrageenan (E407) and processed Eucheuma seaweed (E407a), 2018","","","","",""
"C common","ing_carrageenan","Carrageenan","typical use","0.01–0.5% in dairy drinks and desserts","","","{""threshold_of_concern"":""EFSA set an Acceptable Daily Intake of 75 mg per kg of body weight per day in its 2018 re-evaluation"",""typical_concentration_range"":""0.01–0.5% in dairy drinks and desserts"",""product_type_context"":""ingested""}","seed: seed rakk-app/src/data/seed (ing_carrageenan)","",""
"C common","ing_potassium_citrate","Potassium citrate","what it is / why used","The potassium salt of citric acid, used to hold acidity steady where added sodium is not wanted.","","","""The potassium salt of citric acid, used to hold acidity steady where added sodium is not wanted.""","seed: seed rakk-app/src/data/seed (ing_potassium_citrate)","",""
"C common","ing_potassium_citrate","Potassium citrate","status US_FDA","Generally Recognized as Safe (GRAS)","21 CFR 184.1625","https://www.ecfr.gov/current/title-21/section-184.1625","§ 184.1625 Potassium citrate. | (a) Potassium citrate (C 6 H 5 K 3 O 7 ·H 2 O, CAS Reg. No. 006100-0905-096) is the potassium salt of citric acid. It is prepared by neutralizing citric acid with potassium hydroxide or potassium carbonate. It occurs as transparent crystals or a white granular powder, is odorless and deliquescent, and contains one mole of water per mole of potassium citrate.","seed: seed 21 CFR 184.1625","",""
"C common","ing_potassium_citrate","Potassium citrate","status EU_EFSA","Authorised food additive; permitted foods and maximum levels set in Annex II","Reg. (EC) 1333/2008, Annex II — E 332","https://eur-lex.europa.eu/eli/reg/2008/1333/oj","Annex II Part B, list 3: E 332 — Potassium citrates","parsed: eu_1333_2008 Annex II Part B, E332","",""
"C common","ing_potassium_citrate","Potassium citrate","status HK_CFS","Permitted preservative or antioxidant; maximum levels set by food category","Cap. 132BD, Schedule 1","https://www.elegislation.gov.hk/hk/cap132BD!en","Cap. 132BD Schedule 1: 332(ii) Tripotassium citrate","parsed: hk_legislation Cap. 132BD, INS 332(ii)","",""
"C common","ing_mono_diglycerides","Mono- and diglycerides","what it is / why used","Fat molecules made from vegetable or animal oil, used to hold oil and water together. In baked goods they also keep crumb soft for longer.","","","""Fat molecules made from vegetable or animal oil, used to hold oil and water together. In baked goods they also keep crumb soft for longer.""","seed: seed rakk-app/src/data/seed (ing_mono_diglycerides)","",""
"C common","ing_mono_diglycerides","Mono- and diglycerides","status US_FDA","Generally Recognized as Safe (GRAS)","21 CFR 184.1505","https://www.ecfr.gov/current/title-21/section-184.1505","§ 184.1505 Mono- and diglycerides. | (a) Mono- and diglycerides consist of a mixture of glyceryl mono- and diesters, and minor amounts of triesters, that are prepared from fats or oils or fat-forming acids that are derived from edible sources. The most prevalent fatty acids include lauric, linoleic, myristic, oleic, palmitic, and stearic. Mono- and diglycerides are manufactured by the reaction of glycerin with fatty acids or the reaction of glycerin with triglycerides in the presence of an alkaline catalyst. The products are further purified to obtain a mixture of glycerides, free fatty acids, and free glycerin that contains at least 90 percent-by-weight glycerides.","seed: seed 21 CFR 184.1505","",""
"C common","ing_mono_diglycerides","Mono- and diglycerides","status EU_EFSA","Authorised food additive; permitted foods and maximum levels set in Annex II","Reg. (EC) 1333/2008, Annex II — E 471","https://eur-lex.europa.eu/eli/reg/2008/1333/oj","Annex II Part B, list 3: E 471 — Mono-and diglycerides of fatty acids","parsed: eu_1333_2008 Annex II Part B, E471","",""
"C common","ing_mono_diglycerides","Mono- and diglycerides","threshold of concern","JECFA concluded no numerical Acceptable Daily Intake was needed (""ADI not specified"")","JECFA, evaluation of mono- and diglycerides of fatty acids — ADI not specified","","","","",""
"C common","ing_mono_diglycerides","Mono- and diglycerides","typical use","0.2–1% in baked goods","","","{""threshold_of_concern"":""JECFA concluded no numerical Acceptable Daily Intake was needed (\""ADI not specified\"")"",""typical_concentration_range"":""0.2–1% in baked goods"",""product_type_context"":""ingested""}","seed: seed rakk-app/src/data/seed (ing_mono_diglycerides)","",""
"C common","ing_sodium_citrate","Sodium citrate","what it is / why used","The sodium salt of citric acid. It holds acidity steady and keeps melted cheese smooth instead of separating.","","","""The sodium salt of citric acid. It holds acidity steady and keeps melted cheese smooth instead of separating.""","seed: seed rakk-app/src/data/seed (ing_sodium_citrate)","",""
"C common","ing_sodium_citrate","Sodium citrate","status US_FDA","Generally Recognized as Safe (GRAS)","21 CFR 184.1751","https://www.ecfr.gov/current/title-21/section-184.1751","§ 184.1751 Sodium citrate. | (a) Sodium citrate (C 6 H 5 Na 3 O 7 ·2H 2 O, CAS Reg. No. 68-0904-092) is the sodium salt of citric acid. It is prepared by neutralizing citric acid with sodium hydroxide or sodium carbonate. The product occurs as colorless crystals or a white crystalline powder. It may be prepared in an anhydrous state or may contain two moles of water per mole of sodium citrate.","seed: seed 21 CFR 184.1751","",""
"C common","ing_sodium_citrate","Sodium citrate","status EU_EFSA","Authorised food additive; permitted foods and maximum levels set in Annex II","Reg. (EC) 1333/2008, Annex II — E 331","https://eur-lex.europa.eu/eli/reg/2008/1333/oj","Annex II Part B, list 3: E 331 — Sodium citrates","parsed: eu_1333_2008 Annex II Part B, E331","",""
"C common","ing_biotin","Biotin","what it is / why used","A B vitamin added to fortified foods and supplement drinks.","","","""A B vitamin added to fortified foods and supplement drinks.""","seed: seed rakk-app/src/data/seed (ing_biotin)","",""
"C common","ing_biotin","Biotin","status US_FDA","Generally recognized as safe (GRAS)","21 CFR 182.8159","https://www.ecfr.gov/current/title-21/section-182.8159","§ 182.8159 Biotin. | (a) Product. Biotin.","parsed: ecfr_21_subchapter_b 21 CFR 182.8159","",""
"C common","ing_zinc_sulfate","Zinc sulfate","what it is / why used","A soluble zinc salt used to fortify drinks and cereals.","","","""A soluble zinc salt used to fortify drinks and cereals.""","seed: seed rakk-app/src/data/seed (ing_zinc_sulfate)","",""
"C common","ing_zinc_sulfate","Zinc sulfate","status US_FDA","Generally Recognized as Safe (GRAS)","21 CFR 182.8997","https://www.ecfr.gov/current/title-21/section-182.8997","§ 182.8997 Zinc sulfate. | (a) Product. Zinc sulfate.","seed: seed 21 CFR 182.8997","",""
"C common","ing_hfcs","High fructose corn syrup","what it is / why used","Corn syrup in which some glucose has been converted to fructose, giving a sweetness close to table sugar in liquid form.","","","""Corn syrup in which some glucose has been converted to fructose, giving a sweetness close to table sugar in liquid form.""","seed: seed rakk-app/src/data/seed (ing_hfcs)","",""
"C common","ing_hfcs","High fructose corn syrup","status US_FDA","Generally Recognized as Safe (GRAS)","21 CFR 184.1866","https://www.ecfr.gov/current/title-21/section-184.1866","§ 184.1866 High fructose corn syrup. | (a) High fructose corn syrup, a sweet, nutritive saccharide mixture containing either approximately 42 or 55 percent fructose, is prepared as a clear aqueous solution from high dextrose-equivalent corn starch hydrolysate by partial enzymatic conversion of glucose (dextrose) to fructose using an insoluble glucose isomerase enzyme preparation described in § 184.1372. The product containing more than 50 percent fructose (dry weight) is prepared through concentration of the fructose portion of the mixture containing less than 50 percent fructose.","seed: seed 21 CFR 184.1866","",""
"C common","ing_modified_starch","Modified corn starch","what it is / why used","Starch treated so it holds up to heat, acid and freezing better than plain starch. It thickens sauces and fillings that would otherwise thin or weep.","","","""Starch treated so it holds up to heat, acid and freezing better than plain starch. It thickens sauces and fillings that would otherwise thin or weep.""","seed: seed rakk-app/src/data/seed (ing_modified_starch)","",""
"C common","ing_modified_starch","Modified corn starch","status US_FDA","Permitted as a direct food additive","21 CFR 172.892","https://www.ecfr.gov/current/title-21/section-172.892","§ 172.892 Food starch-modified. | Food starch-modified as described in this section may be safely used in food. The quantity of any substance employed to effect such modification shall not exceed the amount reasonably required to accomplish the intended physical or technical effect, nor exceed any limitation prescribed. To insure safe use of the food starch-modified, the label of the food additive container shall bear the name of the additive “food starch-modified” in addition to other information required by the Act. Food starch may be modified by treatment prescribed as follows:","seed: seed 21 CFR 172.892","",""
"C common","ing_modified_starch","Modified corn starch","status EU_EFSA","Authorised food additive","","","Authorised food additive","seed: seed seed","",""
"C common","ing_locust_bean_gum","Locust bean gum","what it is / why used","A gum from carob tree seeds. It thickens and, with carrageenan or xanthan, forms a softer gel than either alone.","","","""A gum from carob tree seeds. It thickens and, with carrageenan or xanthan, forms a softer gel than either alone.""","seed: seed rakk-app/src/data/seed (ing_locust_bean_gum)","",""
"C common","ing_locust_bean_gum","Locust bean gum","status US_FDA","Generally Recognized as Safe (GRAS)","21 CFR 184.1343","https://www.ecfr.gov/current/title-21/section-184.1343","§ 184.1343 Locust (carob) bean gum. | (a) Locust (carob) bean gum is primarily the macerated endosperm of the seed of the locust (carob) bean tree, Ceratonia siliqua (Linne), a leguminous evergreen tree, with lesser quantities of seed coat and germ.","seed: seed 21 CFR 184.1343","",""
"C common","ing_locust_bean_gum","Locust bean gum","status EU_EFSA","Authorised food additive; permitted foods and maximum levels set in Annex II","Reg. (EC) 1333/2008, Annex II — E 410","https://eur-lex.europa.eu/eli/reg/2008/1333/oj","Annex II Part B, list 3: E 410 — Locust bean gum","parsed: eu_1333_2008 Annex II Part B, E410","",""
"C common","ing_cholecalciferol","Cholecalciferol","what it is / why used","The form of vitamin D the skin makes in sunlight. It is added to milk, cereal and plant milks.","","","""The form of vitamin D the skin makes in sunlight. It is added to milk, cereal and plant milks.""","seed: seed rakk-app/src/data/seed (ing_cholecalciferol)","",""
"C common","ing_cholecalciferol","Cholecalciferol","status US_FDA","Generally Recognized as Safe (GRAS) for specified uses","21 CFR 184.1950","https://www.ecfr.gov/current/title-21/section-184.1950","§ 184.1950 Vitamin D. | (a) Vitamin D is added to food as the following food ingredients:","seed: seed 21 CFR 184.1950","",""
"C common","ing_citric_acid","Citric acid","what it is / why used","The acid that makes citrus fruit sour. Commercially it is fermented rather than squeezed from fruit, and it is added to adjust tartness and hold a product at a steady acidity.","","","""The acid that makes citrus fruit sour. Commercially it is fermented rather than squeezed from fruit, and it is added to adjust tartness and hold a product at a steady acidity.""","seed: seed rakk-app/src/data/seed (ing_citric_acid)","",""
"C common","ing_citric_acid","Citric acid","status US_FDA","Generally Recognized as Safe (GRAS)","21 CFR 184.1033","https://www.ecfr.gov/current/title-21/section-184.1033","§ 184.1033 Citric acid. | (a) Citric acid (C 6 H 8 O 7 , CAS Reg. No. 77-92-9) is the compound 2-hydroxy-1,2,3-propanetricarboxylic acid. It is a naturally occurring constituent of plant and animal tissues. It occurs as colorless crystals or a white powder and may be anhydrous or contain one mole of water per mole of citric acid. Citric acid may be produced by recovery from sources such as lemon or pineapple juice; by mycological fermentation using Candida spp. , described in §§ 173.160 and 173.165 of this chapter; and by the solvent extraction process described in § 173.280 of this chapter for the recovery of citric acid from Aspergillus niger fermentation liquor.","seed: seed 21 CFR 184.1033","",""
"C common","ing_citric_acid","Citric acid","status EU_EFSA","Authorised food additive; permitted foods and maximum levels set in Annex II","Reg. (EC) 1333/2008, Annex II — E 330","https://eur-lex.europa.eu/eli/reg/2008/1333/oj","Annex II Part B, list 3: E 330 — Citric acid","parsed: eu_1333_2008 Annex II Part B, E330","",""
"C common","ing_citric_acid","Citric acid","status HK_CFS","Permitted preservative or antioxidant; maximum levels set by food category","Cap. 132BD, Schedule 1","https://www.elegislation.gov.hk/hk/cap132BD!en","Cap. 132BD Schedule 1: 330 Citric acid","parsed: hk_legislation Cap. 132BD, INS 330","",""
"C common","ing_citric_acid","Citric acid","threshold of concern","JECFA concluded no numerical Acceptable Daily Intake was needed (""ADI not specified"")","JECFA, evaluation of citric acid — ADI not specified","","","","",""
"C common","ing_citric_acid","Citric acid","typical use","0.1–1% in drinks and confectionery","","","{""threshold_of_concern"":""JECFA concluded no numerical Acceptable Daily Intake was needed (\""ADI not specified\"")"",""typical_concentration_range"":""0.1–1% in drinks and confectionery"",""product_type_context"":""ingested""}","seed: seed rakk-app/src/data/seed (ing_citric_acid)","",""
"C common","ing_sodium_metabisulfite","Sodium metabisulfite","what it is / why used","A sulfite salt widely used in dried fruit, wine and some shellfish to prevent browning and slow spoilage.","","","""A sulfite salt widely used in dried fruit, wine and some shellfish to prevent browning and slow spoilage.""","seed: seed rakk-app/src/data/seed (ing_sodium_metabisulfite)","",""
"C common","ing_sodium_metabisulfite","Sodium metabisulfite","status US_FDA","Generally Recognized as Safe (GRAS) as a chemical preservative","21 CFR 182.3766","https://www.ecfr.gov/current/title-21/section-182.3766","§ 182.3766 Sodium metabisulfite. | (a) Product. Sodium metabisulfite.","seed: seed 21 CFR 182.3766","",""
"C common","ing_sodium_metabisulfite","Sodium metabisulfite","status EU_EFSA","Authorised food additive; permitted foods and maximum levels set in Annex II","Reg. (EC) 1333/2008, Annex II — E 223","https://eur-lex.europa.eu/eli/reg/2008/1333/oj","Annex II Part B, list 3: E 223 — Sodium metabisulphite","parsed: eu_1333_2008 Annex II Part B, E223","",""
"C common","ing_sodium_metabisulfite","Sodium metabisulfite","status HK_CFS","Permitted preservative or antioxidant; maximum levels set by food category","Cap. 132BD, Schedule 1","https://www.elegislation.gov.hk/hk/cap132BD!en","Cap. 132BD Schedule 1A, Sulphites (220–228, 539 & –): Sodium metabisulphite (223)","parsed: hk_legislation Cap. 132BD, INS 223","",""
"C common","ing_sodium_metabisulfite","Sodium metabisulfite","threshold of concern","Acceptable Daily Intake set at 0–0.7 mg per kg of body weight per day, as sulfur dioxide (JECFA)","JECFA, evaluation of sulfur dioxide and sulfites — group ADI 0–0.7 mg/kg body weight","","","","",""
"C common","ing_sodium_metabisulfite","Sodium metabisulfite","typical use","Up to 2,000 ppm in dried fruit","","","{""threshold_of_concern"":""Acceptable Daily Intake set at 0–0.7 mg per kg of body weight per day, as sulfur dioxide (JECFA)"",""typical_concentration_range"":""Up to 2,000 ppm in dried fruit"",""product_type_context"":""ingested""}","seed: seed rakk-app/src/data/seed (ing_sodium_metabisulfite)","",""
"C common","ing_sodium_metabisulfite","Sodium metabisulfite","allergen: derived from","sulfites","","","[""sulfites""]","seed: seed rakk-app/src/data/seed (ing_sodium_metabisulfite)","",""
"C common","ing_fructose","Fructose","what it is / why used","The sugar found in fruit and honey. It is sweeter than table sugar, so less is needed for the same effect.","","","""The sugar found in fruit and honey. It is sweeter than table sugar, so less is needed for the same effect.""","seed: seed rakk-app/src/data/seed (ing_fructose)","",""
"C common","ing_fructose","Fructose","status US_FDA","Generally Recognized as Safe (GRAS)","21 CFR 184.1866","https://www.ecfr.gov/current/title-21/section-184.1866","§ 184.1866 High fructose corn syrup. | (a) High fructose corn syrup, a sweet, nutritive saccharide mixture containing either approximately 42 or 55 percent fructose, is prepared as a clear aqueous solution from high dextrose-equivalent corn starch hydrolysate by partial enzymatic conversion of glucose (dextrose) to fructose using an insoluble glucose isomerase enzyme preparation described in § 184.1372. The product containing more than 50 percent fructose (dry weight) is prepared through concentration of the fructose portion of the mixture containing less than 50 percent fructose.","seed: seed 21 CFR 184.1866","",""
"C common","ing_methylcellulose","Methylcellulose","what it is / why used","Modified cellulose with an unusual property: it sets when heated and loosens when cooled. It is used to bind meat substitutes.","","","""Modified cellulose with an unusual property: it sets when heated and loosens when cooled. It is used to bind meat substitutes.""","seed: seed rakk-app/src/data/seed (ing_methylcellulose)","",""
"C common","ing_methylcellulose","Methylcellulose","status US_FDA","Permitted as a direct food additive","21 CFR 182.1480","https://www.ecfr.gov/current/title-21/section-182.1480","§ 182.1480 Methylcellulose. | (a) Product. U.S.P. methylcellulose, except that the methoxy content shall not be less than 27.5 percent and not more than 31.5 percent on a dry-weight basis.","seed: seed 21 CFR 182.1480","",""
"C common","ing_methylcellulose","Methylcellulose","status EU_EFSA","Authorised food additive; permitted foods and maximum levels set in Annex II","Reg. (EC) 1333/2008, Annex II — E 461","https://eur-lex.europa.eu/eli/reg/2008/1333/oj","Annex II Part B, list 3: E 461 — Methyl cellulose","parsed: eu_1333_2008 Annex II Part B, E461","",""
"C common","ing_rosemary_extract","Rosemary extract","what it is / why used","A concentrated extract of rosemary leaves used as an antioxidant in fats and meats. It is often chosen where a label without synthetic antioxidants is wanted.","","","""A concentrated extract of rosemary leaves used as an antioxidant in fats and meats. It is often chosen where a label without synthetic antioxidants is wanted.""","seed: seed rakk-app/src/data/seed (ing_rosemary_extract)","",""
"C common","ing_rosemary_extract","Rosemary extract","status US_FDA","Listed in FDA's Substances Added to Food inventory; no FDA regulation is cited","FDA Substances Added to Food","https://hfpappexternal.fda.gov/scripts/fdcc/index.cfm?set=FoodSubstances","CAS Reg No (or other ID): 84604-14-8 | Substance: ROSEMARY, EXTRACT (ROSMARINUS OFFICINALIS L.) | Other Names: &diams; ROSEMARY EXTRACT<br />&diams; ROSEMARY, EXT. | Used for (Technical Effect): FLAVORING AGENT OR ADJUVANT | Reg add01: 182.20","parsed: fda_saf FDA SAF id 84604-14-8","",""
"C common","ing_rosemary_extract","Rosemary extract","status EU_EFSA","Authorised food additive for specified uses","","","Authorised food additive for specified uses","seed: seed seed","",""
"C common","ing_propionic_acid","Propionic acid","what it is / why used","An acid that occurs naturally in some cheeses. In bread it slows the mould and rope bacteria that stale loaves develop.","","","""An acid that occurs naturally in some cheeses. In bread it slows the mould and rope bacteria that stale loaves develop.""","seed: seed rakk-app/src/data/seed (ing_propionic_acid)","",""
"C common","ing_propionic_acid","Propionic acid","status US_FDA","Generally Recognized as Safe (GRAS)","21 CFR 184.1081","https://www.ecfr.gov/current/title-21/section-184.1081","§ 184.1081 Propionic acid. | (a) Propionic acid (C 3 H 6 O 2 , CAS Reg. No. 79-09-4) is an oily liquid having a slightly pungent, rancid odor. It is manufactured by chemical synthesis or by bacterial fermentation.","seed: seed 21 CFR 184.1081","",""
"C common","ing_propionic_acid","Propionic acid","status EU_EFSA","Authorised food additive; permitted foods and maximum levels set in Annex II","Reg. (EC) 1333/2008, Annex II — E 280","https://eur-lex.europa.eu/eli/reg/2008/1333/oj","Annex II Part B, list 3: E 280 — Propionic acid","parsed: eu_1333_2008 Annex II Part B, E280","",""
"C common","ing_propionic_acid","Propionic acid","status HK_CFS","Permitted preservative or antioxidant; maximum levels set by food category","Cap. 132BD, Schedule 1","https://www.elegislation.gov.hk/hk/cap132BD!en","Cap. 132BD Schedule 1: 280 Propionic acid","parsed: hk_legislation Cap. 132BD, INS 280","",""
"C common","ing_propionic_acid","Propionic acid","threshold of concern","JECFA concluded no numerical Acceptable Daily Intake was needed (""ADI not specified"")","JECFA, evaluation of propionic acid and its salts — ADI not specified","","","","",""
"C common","ing_propionic_acid","Propionic acid","typical use","0.1–0.4% in bread","","","{""threshold_of_concern"":""JECFA concluded no numerical Acceptable Daily Intake was needed (\""ADI not specified\"")"",""typical_concentration_range"":""0.1–0.4% in bread"",""product_type_context"":""ingested""}","seed: seed rakk-app/src/data/seed (ing_propionic_acid)","",""
"C common","ing_sodium_propionate","Sodium propionate","what it is / why used","The sodium salt of propionic acid, added to bread and baked goods to slow mould growth.","","","""The sodium salt of propionic acid, added to bread and baked goods to slow mould growth.""","seed: seed rakk-app/src/data/seed (ing_sodium_propionate)","",""
"C common","ing_sodium_propionate","Sodium propionate","status US_FDA","Generally Recognized as Safe (GRAS)","21 CFR 184.1784","https://www.ecfr.gov/current/title-21/section-184.1784","§ 184.1784 Sodium propionate. | (a) Sodium propionate (C 3 H 5 NaO 2 , CAS Reg. No. 137-40-6) is the sodium salt of propionic acid. It occurs as colorless, transparent crystals or a granular crystalline powder. It is odorless, or has a faint acetic-butyric acid odor, and is deliquescent. It is prepared by neutralizing propionic acid with sodium hydroxide.","seed: seed 21 CFR 184.1784","",""
"C common","ing_sodium_propionate","Sodium propionate","status EU_EFSA","Authorised food additive; permitted foods and maximum levels set in Annex II","Reg. (EC) 1333/2008, Annex II — E 281","https://eur-lex.europa.eu/eli/reg/2008/1333/oj","Annex II Part B, list 3: E 281 — Sodium propionate","parsed: eu_1333_2008 Annex II Part B, E281","",""
"C common","ing_sodium_propionate","Sodium propionate","status HK_CFS","Permitted preservative or antioxidant; maximum levels set by food category","Cap. 132BD, Schedule 1","https://www.elegislation.gov.hk/hk/cap132BD!en","Cap. 132BD Schedule 1: 281 Sodium propionate","parsed: hk_legislation Cap. 132BD, INS 281","",""
"C common","ing_sodium_propionate","Sodium propionate","threshold of concern","JECFA concluded no numerical Acceptable Daily Intake was needed (""ADI not specified"")","JECFA, evaluation of propionic acid and its salts — ADI not specified","","","","",""
"C common","ing_sodium_propionate","Sodium propionate","typical use","0.1–0.4% of flour weight in baked goods","","","{""threshold_of_concern"":""JECFA concluded no numerical Acceptable Daily Intake was needed (\""ADI not specified\"")"",""typical_concentration_range"":""0.1–0.4% of flour weight in baked goods"",""product_type_context"":""ingested""}","seed: seed rakk-app/src/data/seed (ing_sodium_propionate)","",""
"C common","ing_gelatin","Gelatin","what it is / why used","Protein extracted from animal skin and bone. It sets desserts and forms the shell of soft capsules.","","","""Protein extracted from animal skin and bone. It sets desserts and forms the shell of soft capsules.""","seed: seed rakk-app/src/data/seed (ing_gelatin)","",""
"C common","ing_gelatin","Gelatin","status US_FDA","Permitted for direct addition to food, under the conditions in the regulation","21 CFR 172.230","https://www.ecfr.gov/current/title-21/section-172.230","§ 172.230 Microcapsules for flavoring substances. | Succinylated gelatin—Not to exceed 15 percent by combined weight of the microcapsule and flavoring oil. Succinic acid content of the gelatin is 4.5 to 5.5 percent.","parsed: ecfr_21_subchapter_b 21 CFR 172.230","",""
"C common","ing_pectin","Pectin","what it is / why used","A fibre from fruit peel and apple pomace. It is what sets jam, and it is used to thicken fruit fillings and yoghurt drinks.","","","""A fibre from fruit peel and apple pomace. It is what sets jam, and it is used to thicken fruit fillings and yoghurt drinks.""","seed: seed rakk-app/src/data/seed (ing_pectin)","",""
"C common","ing_pectin","Pectin","status US_FDA","Generally Recognized as Safe (GRAS)","21 CFR 184.1588","https://www.ecfr.gov/current/title-21/section-184.1588","§ 184.1588 Pectins. | (a) The pectins (CAS Reg. No. 9000-69-5) are a group of complex, high molecular weight polysaccharides found in plants and composed chiefly of partially methylated polygalacturonic acid units. Portions of the carboxly group occur as methyl esters, and the remaining carboxyl groups exist in the form of the free acid or as its ammonium, potassium, or sodium (CAS Reg. No. 9000-59-8) salts, and in some types as the acid amide. Thus, the pectins regulated in this section are the high-ester pectins, low-ester pectins, amidated pectins, pectinic acids, and pectinates. Pectin is produced commercially by extracting citrus peel, apple pomace, or beet pulp with hot dilute acid (pH 1.0 to 3.5, 70° to 90 °C). The extract is filtered, and pectin is then precipitated from the clear extract with ethanol or isopropanol, or as the copper or aluminum salt. The acid extract is sometimes spray- or roller-dried, or it is concentrated to be sold as liquid pectin.","seed: seed 21 CFR 184.1588","",""
"C common","ing_pectin","Pectin","status EU_EFSA","Authorised food additive; permitted foods and maximum levels set in Annex II","Reg. (EC) 1333/2008, Annex II — E 440","https://eur-lex.europa.eu/eli/reg/2008/1333/oj","Annex II Part B, list 3: E 440 — Pectins","parsed: eu_1333_2008 Annex II Part B, E440","",""
"C common","ing_pectin","Pectin","threshold of concern","JECFA concluded no numerical Acceptable Daily Intake was needed (""ADI not specified"")","JECFA, evaluation of pectins — ADI not specified","","","","",""
"C common","ing_pectin","Pectin","typical use","0.5–1.5% in jams and fruit fillings","","","{""threshold_of_concern"":""JECFA concluded no numerical Acceptable Daily Intake was needed (\""ADI not specified\"")"",""typical_concentration_range"":""0.5–1.5% in jams and fruit fillings"",""product_type_context"":""ingested""}","seed: seed rakk-app/src/data/seed (ing_pectin)","",""
"C common","ing_steviol_glycosides","Steviol glycosides","what it is / why used","The sweet compounds extracted from stevia leaves, 200 to 350 times as sweet as sugar. Whole stevia leaf and crude extracts are not approved in the US; the purified glycosides are.","","","""The sweet compounds extracted from stevia leaves, 200 to 350 times as sweet as sugar. Whole stevia leaf and crude extracts are not approved in the US; the purified glycosides are.""","seed: seed rakk-app/src/data/seed (ing_steviol_glycosides)","",""
"C common","ing_steviol_glycosides","Steviol glycosides","status US_FDA","Generally Recognized as Safe (GRAS) for high-purity steviol glycosides","","","Generally Recognized as Safe (GRAS) for high-purity steviol glycosides","seed: seed seed","",""
"C common","ing_steviol_glycosides","Steviol glycosides","status EU_EFSA","Authorised sweetener","E960","","Authorised sweetener","seed: seed E960","",""
"C common","ing_steviol_glycosides","Steviol glycosides","status HK_CFS","Permitted sweetener","Cap. 132U, Schedule","https://www.elegislation.gov.hk/hk/cap132U!en","Cap. 132U Schedule (Permitted Sweeteners), item 10: Steviol Glycosides","parsed: hk_legislation Cap. 132U","",""
"C common","ing_steviol_glycosides","Steviol glycosides","threshold of concern","Acceptable Daily Intake set at 0–4 mg per kg of body weight per day, expressed as steviol (JECFA)","JECFA — ADI 0–4 mg/kg body weight, as steviol","","","","",""
"C common","ing_steviol_glycosides","Steviol glycosides","typical use","0.01–0.05% in beverages","","","{""threshold_of_concern"":""Acceptable Daily Intake set at 0–4 mg per kg of body weight per day, expressed as steviol (JECFA)"",""typical_concentration_range"":""0.01–0.05% in beverages"",""product_type_context"":""ingested""}","seed: seed rakk-app/src/data/seed (ing_steviol_glycosides)","",""
"C common","ing_calcium_silicate","Calcium silicate","what it is / why used","An anticaking agent used in table salt and powdered mixes to keep them free-flowing.","","","""An anticaking agent used in table salt and powdered mixes to keep them free-flowing.""","seed: seed rakk-app/src/data/seed (ing_calcium_silicate)","",""
"C common","ing_calcium_silicate","Calcium silicate","status US_FDA","Generally Recognized as Safe (GRAS)","21 CFR 182.2227","https://www.ecfr.gov/current/title-21/section-182.2227","§ 182.2227 Calcium silicate. | (a) Product. Calcium silicate.","seed: seed 21 CFR 182.2227","",""
"C common","ing_calcium_silicate","Calcium silicate","status EU_EFSA","Authorised food additive; permitted foods and maximum levels set in Annex II","Reg. (EC) 1333/2008, Annex II — E 552","https://eur-lex.europa.eu/eli/reg/2008/1333/oj","Annex II Part B, list 3: E 552 — Calcium silicate","parsed: eu_1333_2008 Annex II Part B, E552","",""
"C common","ing_mannitol","Mannitol","what it is / why used","A sugar alcohol used as a sweetener and as a dusting powder that stops chewing gum sticking.","","","""A sugar alcohol used as a sweetener and as a dusting powder that stops chewing gum sticking.""","seed: seed rakk-app/src/data/seed (ing_mannitol)","",""
"C common","ing_mannitol","Mannitol","status US_FDA","Permitted as a direct food additive","21 CFR 180.25","https://www.ecfr.gov/current/title-21/section-180.25","§ 180.25 Mannitol. | (a) Mannitol is the chemical 1,2,3,4,5,6,-hexanehexol (C 6 H 14 O 6 ) a hexahydric alcohol, differing from sorbitol principally by having a different optical rotation. Mannitol is produced by one of the following processes:","seed: seed 21 CFR 180.25","",""
"C common","ing_mannitol","Mannitol","status EU_EFSA","Authorised food additive; permitted foods and maximum levels set in Annex II","Reg. (EC) 1333/2008, Annex II — E 421","https://eur-lex.europa.eu/eli/reg/2008/1333/oj","Annex II Part B, list 2: E 421 — Mannitol","parsed: eu_1333_2008 Annex II Part B, E421","",""
"C common","ing_reduced_iron","Reduced iron","what it is / why used","Finely powdered elemental iron used to enrich cereal and flour. It affects taste and colour less than iron salts.","","","""Finely powdered elemental iron used to enrich cereal and flour. It affects taste and colour less than iron salts.""","seed: seed rakk-app/src/data/seed (ing_reduced_iron)","",""
"C common","ing_reduced_iron","Reduced iron","status US_FDA","Generally Recognized as Safe (GRAS)","21 CFR 184.1375","https://www.ecfr.gov/current/title-21/section-184.1375","§ 184.1375 Iron, elemental. | (a) Iron, elemental (CAS Reg. No. 7439-89-6) is metallic iron obtained by any of the following processes: reduced iron, electrolytic iron, and carbonyl iron.","seed: seed 21 CFR 184.1375","",""
"C common","ing_zinc_oxide","Zinc oxide","what it is / why used","A zinc compound used to fortify cereals and formula, and as a mineral sunscreen in cosmetics.","","","""A zinc compound used to fortify cereals and formula, and as a mineral sunscreen in cosmetics.""","seed: seed rakk-app/src/data/seed (ing_zinc_oxide)","",""
"C common","ing_zinc_oxide","Zinc oxide","status US_FDA","Generally Recognized as Safe (GRAS)","21 CFR 182.8991","https://www.ecfr.gov/current/title-21/section-182.8991","§ 182.8991 Zinc oxide. | (a) Product. Zinc oxide.","seed: seed 21 CFR 182.8991","",""
"C common","ing_sapp","Sodium acid pyrophosphate","what it is / why used","The acid half of most baking powders. It reacts with baking soda slowly, so the rise happens in the oven rather than in the bowl.","","","""The acid half of most baking powders. It reacts with baking soda slowly, so the rise happens in the oven rather than in the bowl.""","seed: seed rakk-app/src/data/seed (ing_sapp)","",""
"C common","ing_sapp","Sodium acid pyrophosphate","status US_FDA","Generally Recognized as Safe (GRAS)","21 CFR 182.1087","https://www.ecfr.gov/current/title-21/section-182.1087","§ 182.1087 Sodium acid pyrophosphate. | (a) Product. Sodium acid pyrophosphate.","seed: seed 21 CFR 182.1087","",""
"C common","ing_sapp","Sodium acid pyrophosphate","status EU_EFSA","Authorised food additive; permitted foods and maximum levels set in Annex II","Reg. (EC) 1333/2008, Annex II — E 450","https://eur-lex.europa.eu/eli/reg/2008/1333/oj","Annex II Part B, list 3: E 450 — Diphosphates","parsed: eu_1333_2008 Annex II Part B, E450","",""
"C common","ing_sapp","Sodium acid pyrophosphate","status HK_CFS","Permitted preservative or antioxidant; maximum levels set by food category","Cap. 132BD, Schedule 1","https://www.elegislation.gov.hk/hk/cap132BD!en","Cap. 132BD Schedule 1A, : Disodium diphosphate (450(i))","parsed: hk_legislation Cap. 132BD, INS 450(i)","",""
"C common","ing_lactase","Lactase","what it is / why used","The enzyme that splits lactose into simpler sugars. It is what makes lactose-free milk lactose-free.","","","""The enzyme that splits lactose into simpler sugars. It is what makes lactose-free milk lactose-free.""","seed: seed rakk-app/src/data/seed (ing_lactase)","",""
"C common","ing_lactase","Lactase","status US_FDA","Notified to FDA as GRAS for its intended use; FDA had no questions (2 notices)","GRN 579","https://hfpappexternal.fda.gov/scripts/fdcc/index.cfm?set=GRASNotices&id=579","GRAS Notice (GRN) No.: 579 | Substance: Lactase from Bifidobacterium bifidum produced in Bacillus subtilis | Intended Use: For use in the production of galacto-oligosaccharide for infant formula and in the production of fresh dairy products | Basis: Scientific procedures | Notifier: Danisco US Inc. | Notifier Address: 925 Page Mill Road, Palo Alto, CA 94304 | Date of filing: 05/21/2015 | GRN Part 1: GRN 579 (in PDF) | Date of closure: 11/05/2015 | FDA's Letter: FDA has no questions","parsed: fda_gras_notices GRN 579, 572","",""
"C common","ing_sodium_ascorbate","Sodium ascorbate","what it is / why used","The sodium salt of vitamin C. It does the same antioxidant job as ascorbic acid without adding sourness.","","","""The sodium salt of vitamin C. It does the same antioxidant job as ascorbic acid without adding sourness.""","seed: seed rakk-app/src/data/seed (ing_sodium_ascorbate)","",""
"C common","ing_sodium_ascorbate","Sodium ascorbate","status US_FDA","Generally Recognized as Safe (GRAS) as a chemical preservative","21 CFR 182.3731","https://www.ecfr.gov/current/title-21/section-182.3731","§ 182.3731 Sodium ascorbate. | (a) Product. Sodium ascorbate.","seed: seed 21 CFR 182.3731","",""
"C common","ing_sodium_ascorbate","Sodium ascorbate","status EU_EFSA","Authorised food additive; permitted foods and maximum levels set in Annex II","Reg. (EC) 1333/2008, Annex II — E 301","https://eur-lex.europa.eu/eli/reg/2008/1333/oj","Annex II Part B, list 3: E 301 — Sodium ascorbate","parsed: eu_1333_2008 Annex II Part B, E301","",""
"C common","ing_sodium_ascorbate","Sodium ascorbate","status HK_CFS","Permitted preservative or antioxidant; maximum levels set by food category","Cap. 132BD, Schedule 1","https://www.elegislation.gov.hk/hk/cap132BD!en","Cap. 132BD Schedule 1: 301 Sodium ascorbate","parsed: hk_legislation Cap. 132BD, INS 301","",""
"C common","ing_polyglycerol_esters","Polyglycerol esters of fatty acids","what it is / why used","Fat molecules joined to linked glycerol units, used to keep cake batters and aerated toppings stable.","","","""Fat molecules joined to linked glycerol units, used to keep cake batters and aerated toppings stable.""","seed: seed rakk-app/src/data/seed (ing_polyglycerol_esters)","",""
"C common","ing_polyglycerol_esters","Polyglycerol esters of fatty acids","status US_FDA","Permitted as a direct food additive","21 CFR 172.854","https://www.ecfr.gov/current/title-21/section-172.854","§ 172.854 Polyglycerol esters of fatty acids. | Polyglycerol esters of fatty acids, up to and including the decaglycerol esters, may be safely used in food in accordance with the following prescribed conditions:","seed: seed 21 CFR 172.854","",""
"C common","ing_polyglycerol_esters","Polyglycerol esters of fatty acids","status EU_EFSA","Authorised food additive; permitted foods and maximum levels set in Annex II","Reg. (EC) 1333/2008, Annex II — E 475","https://eur-lex.europa.eu/eli/reg/2008/1333/oj","Annex II Part B, list 3: E 475 — Polyglycerol esters of fatty acids","parsed: eu_1333_2008 Annex II Part B, E475","",""
"C common","ing_polyglycerol_esters","Polyglycerol esters of fatty acids","threshold of concern","Acceptable Daily Intake set at 0–25 mg per kg of body weight per day (JECFA)","JECFA, evaluation of polyglycerol esters of fatty acids — ADI 0–25 mg/kg body weight","","","","",""
"C common","ing_polyglycerol_esters","Polyglycerol esters of fatty acids","typical use","0.2–1% in cake batters and aerated toppings","","","{""threshold_of_concern"":""Acceptable Daily Intake set at 0–25 mg per kg of body weight per day (JECFA)"",""typical_concentration_range"":""0.2–1% in cake batters and aerated toppings"",""product_type_context"":""ingested""}","seed: seed rakk-app/src/data/seed (ing_polyglycerol_esters)","",""
"C common","ing_malt_extract","Malt extract","what it is / why used","A syrup from sprouted barley, used for sweetness, colour and a characteristic malty taste.","","","""A syrup from sprouted barley, used for sweetness, colour and a characteristic malty taste.""","seed: seed rakk-app/src/data/seed (ing_malt_extract)","",""
"C common","ing_malt_extract","Malt extract","status US_FDA","Affirmed by FDA as generally recognized as safe (GRAS), with no limit other than good manufacturing practice","21 CFR 184.1445","https://www.ecfr.gov/current/title-21/section-184.1445","§ 184.1445 Malt syrup (malt extract). | (a) Malt is the product of barley ( Hordeum vulgare L.) germinated under controlled conditions. Malt syrup and malt extract are interchangeable terms for a viscous concentrate of water extract of germinated barley grain, with or without added safe preservative. Malt syrup is usually a brown, sweet, and viscous liquid containing varying amounts of amylolytic enzymes and plant constituents. Barley is first softened after cleaning by steeping operations and then allowed to germinate under controlled conditions. The germinated grain then undergoes processing, such as drying, grinding, extracting, filtering, and evaporating, to produce malt syrup (malt extract) with 75 to 80 percent solids or dried malt syrup with higher solids content.","parsed: ecfr_21_subchapter_b 21 CFR 184.1445","",""
"C common","ing_malt_extract","Malt extract","allergen: derived from","wheat","","","[""wheat""]","seed: seed rakk-app/src/data/seed (ing_malt_extract)","",""
"C common","ing_tocopherols","Mixed tocopherols","what it is / why used","A form of vitamin E, usually from vegetable oil. It is added to fats and oils to slow the reaction with oxygen that makes them go rancid.","","","""A form of vitamin E, usually from vegetable oil. It is added to fats and oils to slow the reaction with oxygen that makes them go rancid.""","seed: seed rakk-app/src/data/seed (ing_tocopherols)","",""
"C common","ing_tocopherols","Mixed tocopherols","status US_FDA","Generally Recognized as Safe (GRAS)","21 CFR 182.3890","https://www.ecfr.gov/current/title-21/section-182.3890","§ 182.3890 Tocopherols. | (a) Product. Tocopherols.","seed: seed 21 CFR 182.3890","",""
"C common","ing_tocopherols","Mixed tocopherols","status EU_EFSA","Authorised food additive; permitted foods and maximum levels set in Annex II","Reg. (EC) 1333/2008, Annex II — E 306","https://eur-lex.europa.eu/eli/reg/2008/1333/oj","Annex II Part B, list 3: E 306 — Tocopherol-rich extract","parsed: eu_1333_2008 Annex II Part B, E306","",""
"C common","ing_tocopherols","Mixed tocopherols","status HK_CFS","Permitted preservative or antioxidant; maximum levels set by food category","Cap. 132BD, Schedule 1","https://www.elegislation.gov.hk/hk/cap132BD!en","Cap. 132BD Schedule 1A, Tocopherols (307a, b & c): d-alpha-Tocopherol (307a)","parsed: hk_legislation Cap. 132BD, INS 307a","",""
"C common","ing_inositol","Inositol","what it is / why used","A sugar-like compound found in whole grains, added to infant formula and energy drinks.","","","""A sugar-like compound found in whole grains, added to infant formula and energy drinks.""","seed: seed rakk-app/src/data/seed (ing_inositol)","",""
"C common","ing_inositol","Inositol","status US_FDA","Affirmed by FDA as generally recognized as safe (GRAS)","21 CFR 184.1370","https://www.ecfr.gov/current/title-21/section-184.1370","§ 184.1370 Inositol. | (a) Inositol, or myo-inositol (C 6 H 12 O 6 , CAS Reg. No. 87-89-8), is cis -1,2,3,5- trans -4,6-cyclohexanehexol. It occurs naturally and is prepared from an aqueous (0.2 percent sulfur dioxide) extract of corn kernels by precipitation and hydrolysis of crude phytate.","parsed: ecfr_21_subchapter_b 21 CFR 184.1370","",""
"D gras_notice","ing_canola_protein_isolate","Canola protein isolate","what it is / why used","Notified to the US FDA as GRAS for this use: intended for use as a protein source, formulation aid, nutrient supplement, stabilizer and thickener, and texturizer at maximum levels ranging from 5 to 100% in baked goods and baking mixes, non-alcoholic beverages and beverage bases, coffee and tea, breakfast cereals, grain products and pastas, dairy products and dairy product analogs, egg product anal","","","Intended for use as a protein source, formulation aid, nutrient supplement, stabilizer and thickener, and texturizer at maximum levels ranging from 5 to 100% in baked goods and baking mixes, non-alcoholic beverages and beverage bases, coffee and tea, breakfast cereals, grain products and pastas, dairy products and dairy product analogs, egg product analogs, fats and oils, meat product analogs, fruit and water ices, batter/breadings, protein and nutritional powders and bars, spices and seasoning mixes, nut products, processed fruits and vegetables, gravies and sauces, condiments, dips, snacks, soups and soup mixes, confections, candies and frostings, jams and jellies, gelatins, puddings, fillings, sweet sauces, toppings and syrups.","parsed: fda_gras_notices GRN 1103, 683","",""
"D gras_notice","ing_canola_protein_isolate","Canola protein isolate","status US_FDA","Notified to FDA as GRAS for its intended use; FDA had no questions (2 notices)","GRN 1103","https://hfpappexternal.fda.gov/scripts/fdcc/index.cfm?set=GRASNotices&id=1103","GRAS Notice (GRN) No.: 1103 | Substance: Canola protein isolate | Intended Use: Intended for use as a protein source, formulation aid, nutrient supplement, stabilizer and thickener, and texturizer at maximum levels ranging from 5 to 100% in baked goods and baking mixes, non-alcoholic beverages and beverage bases, coffee and tea, breakfast cereals, grain products and pastas, dairy products and dairy product analogs, egg product analogs, fats and oils, meat product analogs, fruit and water ices, batter/breadings, protein and nutritional powders and bars, spices and seasoning mixes, nut products, processed fruits and vegetables, gravies and sauces, condiments, dips, snacks, soups and soup mixes, confections, candies and frostings, jams and jellies, gelatins, puddings, fillings, sweet sauces, toppings and syrups. | Basis: Scientific procedures | Notifier: NapiFeryn BioTech Sp. z o. o. | Notifier Address: ul. Dubois 114/116 93-465 &Lstrok;&oacute;d&zacute; Poland | GRN Part 1: GRN 1103 with amendments (in PDF) | Date of closure: 11/22/2023 | Date of correction letter: 08/21/2024 | FDA's Letter: FDA has no questions (in PDF) | Date additional correspondence: 08/15/2024 | Additional corre","parsed: fda_gras_notices GRN 1103, 683","",""
"D gras_notice","ing_beta_glucanase","Beta-glucanase","what it is / why used","Notified to the US FDA as GRAS for this use: for use as a processing aid in brewing and potable alcohol production.","","","For use as a processing aid in brewing and potable alcohol production.","parsed: fda_gras_notices GRN 592, 535","",""
"D gras_notice","ing_beta_glucanase","Beta-glucanase","status US_FDA","Notified to FDA as GRAS for its intended use; FDA had no questions (2 notices)","GRN 592","https://hfpappexternal.fda.gov/scripts/fdcc/index.cfm?set=GRASNotices&id=592","GRAS Notice (GRN) No.: 592 | Substance: β-glucanase from Bacillus subtilis | Intended Use: For use as a processing aid in brewing and potable alcohol production. | Basis: Scientific procedures | Notifier: Danisco US Inc., 925 Page Mill Road, Palo Alto, CA | Date of filing: 08/06/2015 | GRN Part 1: GRN 592 (in PDF) | Date of closure: 10/07/2015 | FDA's Letter: FDA has no questions","parsed: fda_gras_notices GRN 592, 535","",""
"D gras_notice","ing_oat_protein","Oat protein","what it is / why used","Notified to the US FDA as GRAS for this use: for use as a protein source for use in foods generally, including meat and poultry.","","","For use as a protein source for use in foods generally, including meat and poultry.","parsed: fda_gras_notices GRN 575","",""
"D gras_notice","ing_oat_protein","Oat protein","status US_FDA","Notified to FDA as GRAS for its intended use; FDA had no questions","GRN 575","https://hfpappexternal.fda.gov/scripts/fdcc/index.cfm?set=GRASNotices&id=575","GRAS Notice (GRN) No.: 575 | Substance: Oat protein | Intended Use: For use as a protein source for use in foods generally, including meat and poultry. | Basis: Scientific procedures | Notifier: Tate & Lyle | Notifier Address: 5450 Prairie Stone Parkway, Hoffinan Estates, IL 60192 | Date of filing: 04/15/2015 | GRN Part 1: GRN 575 (in PDF) | Date of closure: 09/18/2015 | FDA's Letter: FDA has no questions","parsed: fda_gras_notices GRN 575","",""
"D gras_notice","ing_bifidobacterium_bifidum_strain_nite_bp_31","Bifidobacterium bifidum strain NITE BP-31","what it is / why used","Notified to the US FDA as GRAS for this use: intended for use as an ingredient in non-exempt infant formula for term infants at a level of 2.28 x 10 6 colony forming units/mL.","","","Intended for use as an ingredient in non-exempt infant formula for term infants at a level of 2.28 x 10 6 colony forming units/mL.","parsed: fda_gras_notices GRN 1090","",""
"D gras_notice","ing_bifidobacterium_bifidum_strain_nite_bp_31","Bifidobacterium bifidum strain NITE BP-31","status US_FDA","Notified to FDA as GRAS for its intended use; FDA had no questions","GRN 1090","https://hfpappexternal.fda.gov/scripts/fdcc/index.cfm?set=GRASNotices&id=1090","GRAS Notice (GRN) No.: 1090 | Substance: Bifidobacterium bifidum strain NITE BP-31 | Intended Use: Intended for use as an ingredient in non-exempt infant formula for term infants at a level of 2.28 x 10 6 colony forming units/mL. | Basis: Scientific procedures | Notifier: Meiji Co., Ltd. | Notifier Address: 1-29-1 Nanakuni, Hachiouji Tokyo 192-0919 Japan | GRN Part 1: GRN 1090 with amendments (in PDF) | Date of closure: 04/05/2023 | FDA's Letter: FDA has no questions (in PDF)","parsed: fda_gras_notices GRN 1090","",""
"D gras_notice","ing_dry_whole_goat_milk","Dry whole goat milk","what it is / why used","Notified to the US FDA as GRAS for this use: intended for use as an ingredient in goat milk-based, non-exempt infant formula for term infants at a level up to 20% (w/w) of powdered formula.","","","Intended for use as an ingredient in goat milk-based, non-exempt infant formula for term infants at a level up to 20% (w/w) of powdered formula.","parsed: fda_gras_notices GRN 1189, 1174, 1136","",""
"D gras_notice","ing_dry_whole_goat_milk","Dry whole goat milk","status US_FDA","Notified to FDA as GRAS for its intended use; FDA had no questions (3 notices)","GRN 1189","https://hfpappexternal.fda.gov/scripts/fdcc/index.cfm?set=GRASNotices&id=1189","GRAS Notice (GRN) No.: 1189 | Substance: Dry whole goat milk | Intended Use: Intended for use as an ingredient in goat milk-based, non-exempt infant formula for term infants at a level up to 20% (w/w) of powdered formula. | Basis: Scientific procedures | Notifier: Bubs Australia Limited | Notifier Address: ACN 060 094 742 23-29 Nina Link, Dandenong South VIC 3175 Australia | GRN Part 1: GRN 1189 with amendments (in PDF) | Date of closure: 09/24/2024 | FDA's Letter: FDA has no questions (in PDF)","parsed: fda_gras_notices GRN 1189, 1174, 1136","",""
"D gras_notice","ing_dry_whole_goat_milk","Dry whole goat milk","allergen: derived from","milk","","","dry whole goat milk","vocabulary: gras_notice derived from the name","",""
"D gras_notice","ing_bifidobacterium_animalis_subsp_lactis_cgmcc18610","Bifidobacterium animalis subsp. lactis CGMCC18610","what it is / why used","Notified to the US FDA as GRAS for this use: intended for use as an ingredient in conventional foods at levels up to 1 x 10 11 colony forming units/serving (excluding foods where standards of identity would preclude such use, infant formula, alcoholic beverages, and products under the jurisdiction of the United States Department of Agriculture).","","","Intended for use as an ingredient in conventional foods at levels up to 1 x 10 11 colony forming units/serving (excluding foods where standards of identity would preclude such use, infant formula, alcoholic beverages, and products under the jurisdiction of the United States Department of Agriculture).","parsed: fda_gras_notices GRN 1317","",""
"D gras_notice","ing_bifidobacterium_animalis_subsp_lactis_cgmcc18610","Bifidobacterium animalis subsp. lactis CGMCC18610","status US_FDA","Notified to FDA as GRAS for its intended use; FDA had no questions","GRN 1317","https://hfpappexternal.fda.gov/scripts/fdcc/index.cfm?set=GRASNotices&id=1317","GRAS Notice (GRN) No.: 1317 | Substance: Bifidobacterium animalis subsp. lactis CGMCC18610 | Intended Use: Intended for use as an ingredient in conventional foods at levels up to 1 x 10 11 colony forming units/serving (excluding foods where standards of identity would preclude such use, infant formula, alcoholic beverages, and products under the jurisdiction of the United States Department of Agriculture). | Basis: Scientific procedures | Notifier: Beijing Scitop Bio-Tech Co., LTD | Notifier Address: No.1-2, Yard 31, Mangniuhe Road Yanqi Economic Development Zone Huairou District, 101407, Beijing CHINA | GRN Part 1: GRN 1317 (in PDF) | GRN Part 2: GRN 1317 amendment (in PDF) | Date of closure: 08/20/2026 | FDA's Letter: FDA has no questions (in PDF)","parsed: fda_gras_notices GRN 1317","",""
"D gras_notice","ing_3_sialyllactose_sodium_salt","3'-sialyllactose sodium salt","what it is / why used","Notified to the US FDA as GRAS for this use: intended for use as an ingredient in non-exempt infant formula for term infants at a level up to 0.28 g/L, as consumed, and in other food categories at the maximum levels specified.","","","Intended for use as an ingredient in non-exempt infant formula for term infants at a level up to 0.28 g/L, as consumed, and in other food categories at the maximum levels specified.","parsed: fda_gras_notices GRN 1074, 1052, 1015, 921, 880, 766","",""
"D gras_notice","ing_3_sialyllactose_sodium_salt","3'-sialyllactose sodium salt","status US_FDA","Notified to FDA as GRAS for its intended use; FDA had no questions (6 notices)","GRN 1074","https://hfpappexternal.fda.gov/scripts/fdcc/index.cfm?set=GRASNotices&id=1074","GRAS Notice (GRN) No.: 1074 | Substance: 3'-sialyllactose sodium salt | Intended Use: Intended for use as an ingredient in non-exempt infant formula for term infants at a level up to 0.28 g/L, as consumed, and in other food categories at the maximum levels specified. | Basis: Scientific procedures | Notifier: Inbiose N.V. | Notifier Address: Technologiepark Zwijnaarde 82 bus 41 B-9052 Gent Belgium | GRN Part 1: GRN 1074 with amendments (in PDF) | Date of closure: 04/05/2023 | FDA's Letter: FDA has no Questions (in PDF)","parsed: fda_gras_notices GRN 1074, 1052, 1015, 921, 880, 766","",""
"D gras_notice","ing_suspended_lutein","Suspended lutein","what it is / why used","Notified to the US FDA as GRAS for this use: ingredient in formulas intended for premature infants at levels up to 210 micrograms of lutein per liter of formula.","","","Ingredient in formulas intended for premature infants at levels up to 210 micrograms of lutein per liter of formula","parsed: fda_gras_notices GRN 390, 221","",""
"D gras_notice","ing_suspended_lutein","Suspended lutein","status US_FDA","Notified to FDA as GRAS for its intended use; FDA had no questions (2 notices)","GRN 390","https://hfpappexternal.fda.gov/scripts/fdcc/index.cfm?set=GRASNotices&id=390","GRAS Notice (GRN) No.: 390 | Substance: Suspended lutein | Intended Use: Ingredient in formulas intended for premature infants at levels up to 210 micrograms of lutein per liter of formula | Basis: Scientific procedures | Notifier: Abbott Nutrition | Notifier Address: 3300 Stelzer Road Columbus, OH 43219 | Date of filing: 07/26/2011 | GRN Part 1: GRN 390 (in PDF) | Date of closure: 01/09/2012 | FDA's Letter: FDA has no questions; some uses may require a color additive listing","parsed: fda_gras_notices GRN 390, 221","",""
"D gras_notice","ing_sacha_inchi_oil_a_vegetable_oil","Sacha inchi oil, a vegetable oil","what it is / why used","Notified to the US FDA as GRAS for this use: as use as an ingredient in food categories at use levels [described in the notice].","","","As use as an ingredient in food categories at use levels [described in the notice]","parsed: fda_gras_notices GRN 506","",""
"D gras_notice","ing_sacha_inchi_oil_a_vegetable_oil","Sacha inchi oil, a vegetable oil","status US_FDA","Notified to FDA as GRAS for its intended use; FDA had no questions","GRN 506","https://hfpappexternal.fda.gov/scripts/fdcc/index.cfm?set=GRASNotices&id=506","GRAS Notice (GRN) No.: 506 | Substance: Sacha inchi oil, a vegetable oil derived from Plukenetia volubilis . | Intended Use: As use as an ingredient in food categories at use levels [described in the notice] | Basis: Scientific Procedures | Notifier: Agronidustrias Amasonicas S.A./Agronidustrias OSHO S.A.C./Amazon Health Products | Notifier Address: Calle Omega Mz A Lote 79 Urb Juan XXIII- San Bmja Lima 41 Peru / Calle Manuel Arispe 210 Urb, Industrial La Chalaca Callao-Peru / 1801 Camino Real, Planta B5 Parque Industrial San Pedrito I - Santiago de Surco Lima 33 - Peru | Date of filing: 03/26/2014 | GRN Part 1: GRN 506 (in PDF) | Date of closure: 09/10/2014 | FDA's Letter: FDA has no questions","parsed: fda_gras_notices GRN 506","",""
"D gras_notice","ing_trisodium_diphosphate","Trisodium diphosphate","what it is / why used","Notified to the US FDA as GRAS for this use: stabilizer, moisturizer and sequestrant in sausages (fine emulsions); fish and seafood products (excluding catfish and scallops) at levels in accordance with current good manufacturing practices (levels of addition shall not exceed 0.5 percent, as P 2 O 5 ).","","","Stabilizer, moisturizer and sequestrant in sausages (fine emulsions); fish and seafood products (excluding catfish and scallops) at levels in accordance with current good manufacturing practices (levels of addition shall not exceed 0.5 percent, as P 2 O 5 )","parsed: fda_gras_notices GRN 300","",""
"D gras_notice","ing_trisodium_diphosphate","Trisodium diphosphate","status US_FDA","Notified to FDA as GRAS for its intended use; FDA had no questions","GRN 300","https://hfpappexternal.fda.gov/scripts/fdcc/index.cfm?set=GRASNotices&id=300","GRAS Notice (GRN) No.: 300 | Substance: Trisodium diphosphate | Intended Use: Stabilizer, moisturizer and sequestrant in sausages (fine emulsions); fish and seafood products (excluding catfish and scallops) at levels in accordance with current good manufacturing practices (levels of addition shall not exceed 0.5 percent, as P 2 O 5 ) | Basis: Scientific procedures | Notifier: Chemische Fabrik Budenheim KG | Notifier Address: Rheinstr. 27 D 55257 Budenheim GERMANY | Date of filing: 07/21/2009 | GRN Part 1: GRN 300 (in PDF) | Date of closure: 12/16/2009 | FDA's Letter: FDA has no questions","parsed: fda_gras_notices GRN 300","",""
"D gras_notice","ing_cranberry_extract","Cranberry extract","what it is / why used","Notified to the US FDA as GRAS for this use: intended for use as an ingredient in beverages and beverage bases, coffee and tea, and processed fruits and fruit juices at levels ranging from 150 to 300 mg per serving.","","","Intended for use as an ingredient in beverages and beverage bases, coffee and tea, and processed fruits and fruit juices at levels ranging from 150 to 300 mg per serving.","parsed: fda_gras_notices GRN 873","",""
"D gras_notice","ing_cranberry_extract","Cranberry extract","status US_FDA","Notified to FDA as GRAS for its intended use; FDA had no questions","GRN 873","https://hfpappexternal.fda.gov/scripts/fdcc/index.cfm?set=GRASNotices&id=873","GRAS Notice (GRN) No.: 873 | Substance: Cranberry extract | Intended Use: Intended for use as an ingredient in beverages and beverage bases, coffee and tea, and processed fruits and fruit juices at levels ranging from 150 to 300 mg per serving. | Basis: Scientific procedures | Notifier: Ocean Spray Cranberries, Inc. | Notifier Address: One Ocean Spray Drive Lakeville-Middleboro, MA 02349 | GRN Part 1: GRN 873 (in PDF) | Date of closure: 05/06/2020 | FDA's Letter: FDA has no questions (in PDF)","parsed: fda_gras_notices GRN 873","",""
"D gras_notice","ing_liquid_whole_cow_milk","Liquid whole cow milk","what it is / why used","Notified to the US FDA as GRAS for this use: intended for use as an ingredient in cow milk-based, non-exempt infant formula for term infants at a maximum level of 153 g/100 g infant formula powder.","","","Intended for use as an ingredient in cow milk-based, non-exempt infant formula for term infants at a maximum level of 153 g/100 g infant formula powder.","parsed: fda_gras_notices GRN 1179","",""
"D gras_notice","ing_liquid_whole_cow_milk","Liquid whole cow milk","status US_FDA","Notified to FDA as GRAS for its intended use; FDA had no questions","GRN 1179","https://hfpappexternal.fda.gov/scripts/fdcc/index.cfm?set=GRASNotices&id=1179","GRAS Notice (GRN) No.: 1179 | Substance: Liquid whole cow milk | Intended Use: Intended for use as an ingredient in cow milk-based, non-exempt infant formula for term infants at a maximum level of 153 g/100 g infant formula powder. | Basis: Scientific procedures | Notifier: Crossway Foods, Ltd. | Notifier Address: Unit 2017 Orchard Avenue Citywest Business Campus Dublin D24 AXR0 Ireland | GRN Part 1: GRN 1179 with amendments (in PDF) | Date of closure: 09/24/2024 | FDA's Letter: FDA has no questions (in PDF)","parsed: fda_gras_notices GRN 1179","",""
"D gras_notice","ing_liquid_whole_cow_milk","Liquid whole cow milk","allergen: derived from","milk","","","liquid whole cow milk","vocabulary: gras_notice derived from the name","",""
"D gras_notice","ing_vinyl_acetate_vinyl_laurate_copolymers","Vinyl acetate-vinyl laurate copolymers","what it is / why used","Notified to the US FDA as GRAS for this use: for use as an ingredient in chewing gum base at level not to exceed 9 percent in the finished product.","","","For use as an ingredient in chewing gum base at level not to exceed 9 percent in the finished product.","parsed: fda_gras_notices GRN 606","",""
"D gras_notice","ing_vinyl_acetate_vinyl_laurate_copolymers","Vinyl acetate-vinyl laurate copolymers","status US_FDA","Notified to FDA as GRAS for its intended use; FDA had no questions","GRN 606","https://hfpappexternal.fda.gov/scripts/fdcc/index.cfm?set=GRASNotices&id=606","GRAS Notice (GRN) No.: 606 | Substance: Vinyl acetate-vinyl laurate copolymers | Intended Use: For use as an ingredient in chewing gum base at level not to exceed 9 percent in the finished product. | Basis: Scientific procedures | Notifier: Thomas Wimmer, PhD | Notifier Address: Wacker Chemie AG, Hanns-Seidel-Platz 4, 81737 Muchen, Germany | Date of filing: 11/19/2015 | GRN Part 1: GRN 606 (in PDF) | Date of closure: 05/27/2016 | FDA's Letter: FDA has no questions","parsed: fda_gras_notices GRN 606","",""
"D gras_notice","ing_aspartic_proteinase","Aspartic proteinase","what it is / why used","Notified to the US FDA as GRAS for this use: use in meat as a tenderizing agent at minimum levels necessary to accomplish the intended technical effect in accordance with current good manufacturing practices.","","","Use in meat as a tenderizing agent at minimum levels necessary to accomplish the intended technical effect in accordance with current good manufacturing practices","parsed: fda_gras_notices GRN 34","",""
"D gras_notice","ing_aspartic_proteinase","Aspartic proteinase","status US_FDA","Notified to FDA as GRAS for its intended use; FDA had no questions","GRN 34","https://hfpappexternal.fda.gov/scripts/fdcc/index.cfm?set=GRASNotices&id=34","GRAS Notice (GRN) No.: 34 | Substance: Aspartic proteinase derived from Aspergillus oryzae carrying a gene encoding aspartic proteinase from Rhizomucor miehei | Intended Use: Use in meat as a tenderizing agent at minimum levels necessary to accomplish the intended technical effect in accordance with current good manufacturing practices | Basis: Scientific procedures | Notifier: Novo Nordisk | Notifier Address: 77 Perry Chapel Church Rd., Box 576; Franklinton, NC 27525 | Date of filing: 11/17/1999 | GRN Part 1: GRN 34 (in PDF) | Date of closure: 04/19/2000 | FDA's Letter: FDA has no questions","parsed: fda_gras_notices GRN 34","",""
"D gras_notice","ing_carbon_monoxide","Carbon monoxide","what it is / why used","Notified to the US FDA as GRAS for this use: intended for use as a component of a modified atmosphere packaging (MAP) system at levels up to 0.4% of the MAP system in fully cooked, sliced, pre-packed, ready-to-eat (RTE) deli meats and poultry.","","","Intended for use as a component of a modified atmosphere packaging (MAP) system at levels up to 0.4% of the MAP system in fully cooked, sliced, pre-packed, ready-to-eat (RTE) deli meats and poultry.","parsed: fda_gras_notices GRN 1018, 251, 194, 167, 143, 83","",""
"D gras_notice","ing_carbon_monoxide","Carbon monoxide","status US_FDA","Notified to FDA as GRAS for its intended use; FDA had no questions (6 notices)","GRN 1018","https://hfpappexternal.fda.gov/scripts/fdcc/index.cfm?set=GRASNotices&id=1018","GRAS Notice (GRN) No.: 1018 | Substance: Carbon monoxide | Intended Use: Intended for use as a component of a modified atmosphere packaging (MAP) system at levels up to 0.4% of the MAP system in fully cooked, sliced, pre-packed, ready-to-eat (RTE) deli meats and poultry. | Basis: Scientific procedures | Notifier: Cargill, Incorporated | Notifier Address: 15407 McGinty Road Wayzata, MN 55391 | GRN Part 1: GRN 1018 with amendments (in PDF) | Date of closure: 08/11/2022 | FDA's Letter: FDA has no questions (in PDF)","parsed: fda_gras_notices GRN 1018, 251, 194, 167, 143, 83","",""
"D fda_saf","ing_calcium_chloride","Calcium chloride","what it is / why used","Used in food to stop powders clumping so they flow freely, and to slow the growth of microorganisms such as mould, yeast and bacteria.","","","§ 184.1193 Calcium chloride. | (a) Calcium chloride (CaCl 2 ·2H 2 O, CAS Reg. No. 10035-04-8) or anhydrous calcium chloride (CaCl 2 , CAS Reg. No. 10043-52-4) may be commercially obtained as a byproduct in the ammonia-soda (Solvay) process and as a joint product from natural salt brines, or it may be prepared by substitution reactions with other calcium and chloride salts.","vocabulary: ecfr_21_subchapter_b 21 CFR 184.1193 (170.3(o) references)","",""
"D fda_saf","ing_calcium_chloride","Calcium chloride","status US_FDA","Affirmed by FDA as generally recognized as safe (GRAS)","21 CFR 184.1193","https://www.ecfr.gov/current/title-21/section-184.1193","§ 184.1193 Calcium chloride. | (a) Calcium chloride (CaCl 2 ·2H 2 O, CAS Reg. No. 10035-04-8) or anhydrous calcium chloride (CaCl 2 , CAS Reg. No. 10043-52-4) may be commercially obtained as a byproduct in the ammonia-soda (Solvay) process and as a joint product from natural salt brines, or it may be prepared by substitution reactions with other calcium and chloride salts.","parsed: ecfr_21_subchapter_b 21 CFR 184.1193","",""
"D fda_saf","ing_calcium_chloride","Calcium chloride","status EU_EFSA","Authorised food additive; permitted foods and maximum levels set in Annex II","Reg. (EC) 1333/2008, Annex II — E 509","https://eur-lex.europa.eu/eli/reg/2008/1333/oj","Annex II Part B, list 3: E 509 — Calcium chloride","parsed: eu_1333_2008 Annex II Part B, E509","",""
"D fda_saf","ing_chymosin_preparation_aspergillus_niger_var_awamori","Chymosin preparation, aspergillus niger var. awamori","what it is / why used","Used in food to speed up a specific reaction during processing, and to help during processing, for example to clarify or filter.","","","§ 184.1685 Rennet (animal-derived) and chymosin preparation (fermentation-derived). | (a)(1) Rennet and bovine rennet are commercial extracts containing the active enzyme rennin (CAS Reg. No. 9001-98-3), also known as chymosin (International Union of Biochemistry Enzyme Commission (E.C.) 3.4.23.4). Rennet is the aqueous extract prepared from cleaned, frozen, salted, or dried fourth stomachs (abomasa) of calves, kids, or lambs. Bovine rennet is the product from adults of the animals listed above. Both products are called rennet and are clear amber to dark brown liquid preparations or white to tan powders.","vocabulary: ecfr_21_subchapter_b 21 CFR 184.1685 (170.3(o) references)","",""
"D fda_saf","ing_chymosin_preparation_aspergillus_niger_var_awamori","Chymosin preparation, aspergillus niger var. awamori","status US_FDA","Affirmed by FDA as generally recognized as safe (GRAS), with no limit other than good manufacturing practice","21 CFR 184.1685","https://www.ecfr.gov/current/title-21/section-184.1685","§ 184.1685 Rennet (animal-derived) and chymosin preparation (fermentation-derived). | (a)(1) Rennet and bovine rennet are commercial extracts containing the active enzyme rennin (CAS Reg. No. 9001-98-3), also known as chymosin (International Union of Biochemistry Enzyme Commission (E.C.) 3.4.23.4). Rennet is the aqueous extract prepared from cleaned, frozen, salted, or dried fourth stomachs (abomasa) of calves, kids, or lambs. Bovine rennet is the product from adults of the animals listed above. Both products are called rennet and are clear amber to dark brown liquid preparations or white to tan powders.","parsed: ecfr_21_subchapter_b 21 CFR 184.1685","",""
"D fda_saf","ing_4_acetoxy_2_5_dimethyl_3_2h_furanone","4-acetoxy-2,5-dimethyl-3(2h)-furanone","what it is / why used","A flavouring substance, used in food to add or help carry flavour.","","","FLAVORING AGENT OR ADJUVANT","vocabulary: fda_saf FDA SAF ""Used for (Technical Effect)""","",""
"D fda_saf","ing_4_acetoxy_2_5_dimethyl_3_2h_furanone","4-acetoxy-2,5-dimethyl-3(2h)-furanone","status US_FDA","No FDA regulation; used as a flavoring under the flavor industry's own GRAS determination (FEMA GRAS)","FEMA No. 3797","","CAS Reg No (or other ID): 4166-20-5 | Substance: 4-ACETOXY-2,5-DIMETHYL-3(2H)-FURANONE | Other Names: &diams; 4-ACETOXY-2,5-DIMETHYL-3(2H)-FURANONE<br />&diams; 3(2H)-FURANONE, 4-(ACETYLOXY)-2,5-DIMETHYL-<br />&diams; 3(2H)-FURANONE, 4-HYDROXY-2,5-DIMETHYL-, ACETATE<br />&diams; 4-(ACETYLOXY)-2,5-DIMETHYL-3(2H)-FURANONE<br />&diams; 4-HYDROXY-2,5-DIMETHYL-3(2H)-FURANONE ACETATE | Used for (Technical Effect): FLAVORING AGENT OR ADJUVANT | FEMA No: 3797 | GRAS Pub No: 17 | JECFA Flavor Number: 1456","parsed: fda_saf FDA SAF id 4166-20-5, FEMA No 3797","",""
"D fda_saf","ing_2_6_dimethoxyphenol","2,6-dimethoxyphenol","what it is / why used","A flavouring substance, used in food to add or help carry flavour.","","","FLAVORING AGENT OR ADJUVANT","vocabulary: fda_saf FDA SAF ""Used for (Technical Effect)""","",""
"D fda_saf","ing_2_6_dimethoxyphenol","2,6-dimethoxyphenol","status US_FDA","No FDA regulation; used as a flavoring under the flavor industry's own GRAS determination (FEMA GRAS)","FEMA No. 3137","","CAS Reg No (or other ID): 91-10-1 | Substance: 2,6-DIMETHOXYPHENOL | Other Names: &diams; 2,6-DIMETHOXYPHENOL<br />&diams; PYROGALLOL 1,3-DIMETHYL ETHER<br />&diams; SYRINGOL<br />&diams; 1,3-DI-O-METHYLPYROGALLOL<br />&diams; 1,3-DIMETHOXY-2-HYDROXYBENZENE<br />&diams; 1,3-DIMETHYL PYROGALLATE<br />&diams; 2-HYDROXY-1,3-DIMETHOXYBENZENE<br />&diams; PHENOL, 2,6-DIMETHOXY- | Used for (Technical Effect): FLAVORING AGENT OR ADJUVANT | FEMA No: 3137 | GRAS Pub No: 4 | JECFA Flavor Number: 721","parsed: fda_saf FDA SAF id 91-10-1, FEMA No 3137","",""
"D fda_saf","ing_3_2_methyl_3_furyl_thio_4_heptanone","3-((2-methyl-3-furyl)thio)-4-heptanone","what it is / why used","A flavouring substance, used in food to add or help carry flavour.","","","FLAVORING AGENT OR ADJUVANT","vocabulary: fda_saf FDA SAF ""Used for (Technical Effect)""","",""
"D fda_saf","ing_3_2_methyl_3_furyl_thio_4_heptanone","3-((2-methyl-3-furyl)thio)-4-heptanone","status US_FDA","No FDA regulation; used as a flavoring under the flavor industry's own GRAS determination (FEMA GRAS)","FEMA No. 3570","","CAS Reg No (or other ID): 61295-41-8 | Substance: 3-((2-METHYL-3-FURYL)THIO)-4-HEPTANONE | Other Names: &diams; 3-((2-METHYL-3-FURYL)THIO)-4-HEPTANONE<br />&diams; 1,3-DIETHYLACETONYL 3-METHYL-3-FURYL SULFIDE<br />&diams; 4-HEPTANONE, 3-((2-METHYL-3-FURANYL)THIO)- | Used for (Technical Effect): FLAVORING AGENT OR ADJUVANT | FEMA No: 3570 | GRAS Pub No: 11 | JECFA Flavor Number: 1085","parsed: fda_saf FDA SAF id 61295-41-8, FEMA No 3570","",""
"D fda_saf","ing_rosin_tall_oil_glycerol_ester","Rosin, tall oil, glycerol ester","what it is / why used","Used in food to form part of chewing gum base.","","","MASTICATORY SUBSTANCE","vocabulary: fda_saf FDA SAF ""Used for (Technical Effect)""","",""
"D fda_saf","ing_rosin_tall_oil_glycerol_ester","Rosin, tall oil, glycerol ester","status US_FDA","Permitted for direct addition to food, under the conditions in the regulation","21 CFR 172.615","https://www.ecfr.gov/current/title-21/section-172.615","§ 172.615 Chewing gum base. | The food additive chewing gum base may be safely used in the manufacture of chewing gum in accordance with the following prescribed conditions:","parsed: ecfr_21_subchapter_b 21 CFR 172.615","",""
"D fda_saf","ing_l_tyrosine","L-tyrosine","what it is / why used","Used in food to add a nutrient, such as a vitamin or mineral.","","","FLAVORING AGENT OR ADJUVANT; NUTRIENT SUPPLEMENT","vocabulary: fda_saf FDA SAF ""Used for (Technical Effect)""","",""
"D fda_saf","ing_l_tyrosine","L-tyrosine","status US_FDA","Permitted for direct addition to food, under the conditions in the regulation","21 CFR 172.320","https://www.ecfr.gov/current/title-21/section-172.320","§ 172.320 Amino acids. | (21) L-Tyrosine","parsed: ecfr_21_subchapter_b 21 CFR 172.320","",""
"D fda_saf","ing_2_methyl_4_5_dihydrofuran_3_thiol","2-methyl-4,5-dihydrofuran-3-thiol","what it is / why used","A flavouring substance, used in food to add or help carry flavour.","","","FLAVORING AGENT OR ADJUVANT","vocabulary: fda_saf FDA SAF ""Used for (Technical Effect)""","",""
"D fda_saf","ing_2_methyl_4_5_dihydrofuran_3_thiol","2-methyl-4,5-dihydrofuran-3-thiol","status US_FDA","No FDA regulation; used as a flavoring under the flavor industry's own GRAS determination (FEMA GRAS)","FEMA No. 4683","","CAS Reg No (or other ID): 26486-13-5 | Substance: 2-METHYL-4,5-DIHYDROFURAN-3-THIOL | Other Names: &diams; 4,5-DIHYDRO-2-METHYL-3-FURANTHIOL<br />&diams; 3-furanthiol, 4,5-dihydro-2-methyl-<br />&diams; 2-methyl-4,5-dihydrofuran-3-thiol<br />&diams; 3-mercapto-2-methyl-4,5-dihydrofuran | Used for (Technical Effect): FLAVORING AGENT OR ADJUVANT | FEMA No: 4683 | GRAS Pub No: 25 | JECFA Flavor Number: 2097","parsed: fda_saf FDA SAF id 26486-13-5, FEMA No 4683","",""
"D fda_saf","ing_sec_butyl_ethyl_ether","Sec-butyl ethyl ether","what it is / why used","A flavouring substance, used in food to add or help carry flavour.","","","FLAVOR ENHANCER; FLAVORING AGENT OR ADJUVANT","vocabulary: fda_saf FDA SAF ""Used for (Technical Effect)""","",""
"D fda_saf","ing_sec_butyl_ethyl_ether","Sec-butyl ethyl ether","status US_FDA","No FDA regulation; used as a flavoring under the flavor industry's own GRAS determination (FEMA GRAS)","FEMA No. 3131","","CAS Reg No (or other ID): 2679-87-0 | Substance: SEC-BUTYL ETHYL ETHER | Other Names: &diams; 2-ETHOXYBUTANE<br />&diams; ETHYL SEC-BUTYL ETHER<br />&diams; BUTYL ETHYL ETHER, SEC-<br />&diams; BUTANE, 2-ETHOXY-<br />&diams; ETHER, SEC-BUTYL ETHYL<br />&diams; SEC-BUTYL ETHYL ETHER | Used for (Technical Effect): FLAVOR ENHANCER,<br /> FLAVORING AGENT OR ADJUVANT | FEMA No: 3131 | GRAS Pub No: 4 | JECFA Flavor Number: 1231","parsed: fda_saf FDA SAF id 2679-87-0, FEMA No 3131","",""
"D fda_saf","ing_natural_grapefruit_essence","Natural grapefruit essence","what it is / why used","A flavouring substance, used in food to add or help carry flavour.","","","FLAVORING AGENT OR ADJUVANT","vocabulary: fda_saf FDA SAF ""Used for (Technical Effect)""","",""
"D fda_saf","ing_natural_grapefruit_essence","Natural grapefruit essence","status US_FDA","Named in an FDA standard of identity or labeling regulation","21 CFR 146.132","https://www.ecfr.gov/current/title-21/section-146.132","§ 146.132 Grapefruit juice. | (a) Identity —(1) Description. Grapefruit juice is the unfermented juice, intended for direct consumption, obtained by mechanical process from sound, mature grapefruit ( Citrus paradisi Macfadyen) from which seeds and peel (except embryonic seeds and small fragments of seeds and peel which cannot be separated by good manufacturing practice) and excess pulp are removed and to which may be added not more than 10 percent by volume of the unfermented juice obtained from mature hybrids of grapefruit. The juice may be adjusted by the addition of the optional concentrated grapefruit juice ingredients specified in paragraph (a)(2) of this section, but the quantity of such concentrated grapefruit juice ingredient added shall not contribute more than 15 percent of the grapefruit juice soluble solids in the finished food. The grapefruit pulp, grapefruit oil, and grapefruit essence (components derived from grapefruit) content may be adjusted in accordance with good manufacturing practice. The juice may have been concentrated and later reconstituted with water suitable for the purpose of maintain","parsed: ecfr_21_subchapter_b 21 CFR 146.132","",""
"D fda_saf","ing_roselle","Roselle","what it is / why used","A flavouring substance, used in food to add or help carry flavour.","","","FLAVORING AGENT OR ADJUVANT","vocabulary: fda_saf FDA SAF ""Used for (Technical Effect)""","",""
"D fda_saf","ing_roselle","Roselle","status US_FDA","Permitted for direct addition to food, under the conditions in the regulation","21 CFR 172.510","https://www.ecfr.gov/current/title-21/section-172.510","§ 172.510 Natural flavoring substances and natural substances used in conjunction with flavors. | Natural flavoring substances and natural adjuvants may be safely used in food in accordance with the following conditions.","parsed: ecfr_21_subchapter_b 21 CFR 172.510","",""
"D fda_saf","ing_glucose_isomerase_from_immobilized_arthrobacter_globiformis","Glucose isomerase from immobilized arthrobacter globiformis","what it is / why used","Used in food to speed up a specific reaction during processing.","","","ENZYME","vocabulary: fda_saf FDA SAF ""Used for (Technical Effect)""","",""
"D fda_saf","ing_glucose_isomerase_from_immobilized_arthrobacter_globiformis","Glucose isomerase from immobilized arthrobacter globiformis","status US_FDA","Listed in FDA's Substances Added to Food inventory; no FDA regulation is cited","FDA Substances Added to Food","https://hfpappexternal.fda.gov/scripts/fdcc/index.cfm?set=FoodSubstances","CAS Reg No (or other ID): 977090-08-6 | Substance: GLUCOSE ISOMERASE FROM IMMOBILIZED ARTHROBACTER GLOBIFORMIS | Other Names: &diams; GLUCOSE ISOMERASE, ARTHROBACTER GLOBIFORMIS, IMMOBILIZED | Used for (Technical Effect): ENZYME","parsed: fda_saf FDA SAF id 977090-08-6","",""
"D fda_saf","ing_3_p_isopropylphenyl_propionaldehyde","3-(P-isopropylphenyl)propionaldehyde","what it is / why used","A flavouring substance, used in food to add or help carry flavour.","","","FLAVORING AGENT OR ADJUVANT","vocabulary: fda_saf FDA SAF ""Used for (Technical Effect)""","",""
"D fda_saf","ing_3_p_isopropylphenyl_propionaldehyde","3-(P-isopropylphenyl)propionaldehyde","status US_FDA","Permitted for direct addition to food, under the conditions in the regulation","21 CFR 172.515","https://www.ecfr.gov/current/title-21/section-172.515","§ 172.515 Synthetic flavoring substances and adjuvants. | 3-(ρ-Isopropylphenyl)-propionaldehyde; ρ-isopropylhydrocinnamaldehyde; cuminyl acetaldehyde.","parsed: ecfr_21_subchapter_b 21 CFR 172.515","",""
"D fda_saf","ing_citronellyl_anthranilate","Citronellyl anthranilate","what it is / why used","A flavouring substance, used in food to add or help carry flavour.","","","FLAVORING AGENT OR ADJUVANT","vocabulary: fda_saf FDA SAF ""Used for (Technical Effect)""","",""
"D fda_saf","ing_citronellyl_anthranilate","Citronellyl anthranilate","status US_FDA","No FDA regulation; used as a flavoring under the flavor industry's own GRAS determination (FEMA GRAS)","FEMA No. 4086","","CAS Reg No (or other ID): 68555-57-7 | Substance: CITRONELLYL ANTHRANILATE | Other Names: &diams; CITRONELLYL ANTHRANILATE<br />&diams; 3,7-dimethyl-6-octen-1-yl 2-aminobenzoate<br />&diams; 3,7-dimethyl-6-octen-1-yl 1-(2-aminobenzoate)<br />&diams; 6-octen-1-ol, 3,7-dimethyl-, 1-(2-aminobenzoate)<br />&diams; 6-octen-1-ol, 3,7-dimethyl-, 2-aminobenzoate | Used for (Technical Effect): FLAVORING AGENT OR ADJUVANT | FEMA No: 4086 | GRAS Pub No: 22 | JECFA Flavor Number: 1539","parsed: fda_saf FDA SAF id 68555-57-7, FEMA No 4086","",""
"D fda_saf","ing_nonanal","Nonanal","what it is / why used","A flavouring substance, used in food to add or help carry flavour.","","","FLAVORING AGENT OR ADJUVANT","vocabulary: fda_saf FDA SAF ""Used for (Technical Effect)""","",""
"D fda_saf","ing_nonanal","Nonanal","status US_FDA","Permitted for direct addition to food, under the conditions in the regulation","21 CFR 172.515","https://www.ecfr.gov/current/title-21/section-172.515","§ 172.515 Synthetic flavoring substances and adjuvants. | Nonanal; pelargonic aldehyde.","parsed: ecfr_21_subchapter_b 21 CFR 172.515","",""
"D fda_saf","ing_sodium_methyl_sulfate","Sodium methyl sulfate","what it is / why used","Used in food to keep fruit and vegetables firm or crisp.","","","FIRMING AGENT","vocabulary: fda_saf FDA SAF ""Used for (Technical Effect)""","",""
"D fda_saf","ing_sodium_methyl_sulfate","Sodium methyl sulfate","status US_FDA","Permitted as a secondary direct food additive, under the conditions in the regulation","21 CFR 173.385","https://www.ecfr.gov/current/title-21/section-173.385","§ 173.385 Sodium methyl sulfate. | Sodium methyl sulfate may be present in pectin in accordance with the following conditions.","parsed: ecfr_21_subchapter_b 21 CFR 173.385","",""
"D fda_saf","ing_sodium_pantothenate","Sodium pantothenate","what it is / why used","Used in food to add a nutrient, such as a vitamin or mineral.","","","NUTRIENT SUPPLEMENT","vocabulary: fda_saf FDA SAF ""Used for (Technical Effect)""","",""
"D fda_saf","ing_sodium_pantothenate","Sodium pantothenate","status US_FDA","Listed in FDA's Substances Added to Food inventory; no FDA regulation is cited","FDA Substances Added to Food","https://hfpappexternal.fda.gov/scripts/fdcc/index.cfm?set=FoodSubstances","CAS Reg No (or other ID): 867-81-2 | Substance: SODIUM PANTOTHENATE | Other Names: &diams; SODIUM PANTOTHENATE<br />&diams; SODIUM D-PANTOTHENATE<br />&diams; PANTOTHENIC ACID, MONOSODIUM SALT, D-<br />&diams; BETA-ALANINE, N-(2,4-DIHYDROXY-3,3-DIMETHYL-1-OXOBUTYL)-, MONOSODIUM SALT, (R)-<br />&diams; SODIUM N-(2,4-DIHYDROXY-3,3-DIMETHYL-1-OXOBUTYL)-BETA-ALANINE, (R)- | Used for (Technical Effect): NUTRIENT SUPPLEMENT","parsed: fda_saf FDA SAF id 867-81-2","",""
"D fda_saf","ing_2_hydroxyacetophenone","2-hydroxyacetophenone","what it is / why used","A flavouring substance, used in food to add or help carry flavour.","","","FLAVORING AGENT OR ADJUVANT","vocabulary: fda_saf FDA SAF ""Used for (Technical Effect)""","",""
"D fda_saf","ing_2_hydroxyacetophenone","2-hydroxyacetophenone","status US_FDA","No FDA regulation; used as a flavoring under the flavor industry's own GRAS determination (FEMA GRAS)","FEMA No. 3548","","CAS Reg No (or other ID): 118-93-4 | Substance: 2-HYDROXYACETOPHENONE | Other Names: &diams; 2'-HYDROXYACETOPHENONE<br />&diams; ACETYLPHENOL, O-<br />&diams; ACETOPHENONE, 2'-HYDROXY-<br />&diams; ETHANONE, 1-(2-HYDROXYPHENYL)-<br />&diams; HYDROXYACETOPHENONE, O-<br />&diams; 1-(2-HYDROXYPHENYL)ETHANONE<br />&diams; 2-ACETYLPHENOL<br />&diams; 2-HYDROXYPHENYL METHYL KETONE | Used for (Technical Effect): FLAVORING AGENT OR ADJUVANT | FEMA No: 3548 | GRAS Pub No: 11 | JECFA Flavor Number: 727","parsed: fda_saf FDA SAF id 118-93-4, FEMA No 3548","",""
"D fda_saf","ing_safrole_free_extract_of_sassafras","Safrole-free extract of sassafras","what it is / why used","A flavouring substance, used in food to add or help carry flavour.","","","FLAVORING AGENT OR ADJUVANT","vocabulary: fda_saf FDA SAF ""Used for (Technical Effect)""","",""
"D fda_saf","ing_safrole_free_extract_of_sassafras","Safrole-free extract of sassafras","status US_FDA","Permitted for direct addition to food, under the conditions in the regulation","21 CFR 172.580","https://www.ecfr.gov/current/title-21/section-172.580","§ 172.580 Safrole-free extract of sassafras. | The food additive safrole-free extract of sassafras may be safely used in accordance with the following prescribed conditions:","parsed: ecfr_21_subchapter_b 21 CFR 172.580","",""
"D fda_saf","ing_methyl_n_acetylanthranilate","Methyl N-acetylanthranilate","what it is / why used","A flavouring substance, used in food to add or help carry flavour.","","","FLAVORING AGENT OR ADJUVANT","vocabulary: fda_saf FDA SAF ""Used for (Technical Effect)""","",""
"D fda_saf","ing_methyl_n_acetylanthranilate","Methyl N-acetylanthranilate","status US_FDA","No FDA regulation; used as a flavoring under the flavor industry's own GRAS determination (FEMA GRAS)","FEMA No. 4170","","CAS Reg No (or other ID): 2719-08-6 | Substance: METHYL N-ACETYLANTHRANILATE | Other Names: &diams; METHYL N-ACETYLANTHRANILATE<br />&diams; benzoic acid, 2-(acetylamino)-, methyl ester<br />&diams; methyl 2-(acetoamino)benzoate<br />&diams; anthranilic acid, N-acetyl-, methyl ester<br />&diams; InChI=1S/C10H11NO3/c1-7(12)11-9-6-4-3-5-8(9)10(13)14-2/h3-6H,1-2H3,(H,11,12)<br />&diams; InChIKey: UYQKZKVNYKOXHG-UHFFFAOYSA-N | Used for (Technical Effect): FLAVORING AGENT OR ADJUVANT | FEMA No: 4170 | GRAS Pub No: 22 | JECFA Flavor Number: 1550","parsed: fda_saf FDA SAF id 2719-08-6, FEMA No 4170","",""
"D fda_saf","ing_ylang_ylang_oil","Ylang-ylang, oil","what it is / why used","A flavouring substance, used in food to add or help carry flavour.","","","FLAVORING AGENT OR ADJUVANT","vocabulary: fda_saf FDA SAF ""Used for (Technical Effect)""","",""
"D fda_saf","ing_ylang_ylang_oil","Ylang-ylang, oil","status US_FDA","No FDA regulation; used as a flavoring under the flavor industry's own GRAS determination (FEMA GRAS)","FEMA No. 3119","","CAS Reg No (or other ID): 8006-81-3 | Substance: YLANG-YLANG, OIL (CANANGA ODORATA HOOK. F. AND THOMAS) | Other Names: &diams; YLANG-YLANG OIL<br />&diams; CANANGIUM ODORATUM GENUINA OIL<br />&diams; OILS, YLANG-YLANG | Used for (Technical Effect): FLAVORING AGENT OR ADJUVANT | Reg add01: 182.20 | FEMA No: 3119 | GRAS Pub No: 3","parsed: fda_saf FDA SAF id 8006-81-3, FEMA No 3119","",""
"D fda_saf","ing_pansy","Pansy","what it is / why used","A flavouring substance, used in food to add or help carry flavour.","","","FLAVORING AGENT OR ADJUVANT","vocabulary: fda_saf FDA SAF ""Used for (Technical Effect)""","",""
"D fda_saf","ing_pansy","Pansy","status US_FDA","Permitted for direct addition to food, under the conditions in the regulation","21 CFR 172.510","https://www.ecfr.gov/current/title-21/section-172.510","§ 172.510 Natural flavoring substances and natural substances used in conjunction with flavors. | Natural flavoring substances and natural adjuvants may be safely used in food in accordance with the following conditions.","parsed: ecfr_21_subchapter_b 21 CFR 172.510","",""
"D fda_saf","ing_malt","Malt","what it is / why used","Used in food to speed up a specific reaction during processing.","","","ENZYME","vocabulary: fda_saf FDA SAF ""Used for (Technical Effect)""","",""
"D fda_saf","ing_malt","Malt","status US_FDA","Listed in FDA's Substances Added to Food inventory; no FDA regulation is cited","FDA Substances Added to Food","https://hfpappexternal.fda.gov/scripts/fdcc/index.cfm?set=FoodSubstances","CAS Reg No (or other ID): 977023-73-6 | Substance: MALT | Other Names: &diams; MALT | Used for (Technical Effect): ENZYME | Reg add01: 172.725","parsed: fda_saf FDA SAF id 977023-73-6","",""
"D fda_saf","ing_leek_oil","Leek oil","what it is / why used","A flavouring substance, used in food to add or help carry flavour.","","","FLAVORING AGENT OR ADJUVANT","vocabulary: fda_saf FDA SAF ""Used for (Technical Effect)""","",""
"D fda_saf","ing_leek_oil","Leek oil","status US_FDA","Listed in FDA's Substances Added to Food inventory; no FDA regulation is cited","FDA Substances Added to Food","https://hfpappexternal.fda.gov/scripts/fdcc/index.cfm?set=FoodSubstances","CAS Reg No (or other ID): 977089-43-2 | Substance: LEEK OIL | Other Names: &diams; LEEK OIL | Used for (Technical Effect): FLAVORING AGENT OR ADJUVANT","parsed: fda_saf FDA SAF id 977089-43-2","",""
"D fda_saf","ing_rosin_glycerol_ester","Rosin, glycerol ester","what it is / why used","Listed by the US FDA as a substance added to food; the inventory records no purpose for it.","","","","vocabulary: fda_saf FDA SAF ""Used for (Technical Effect)""","",""
"D fda_saf","ing_rosin_glycerol_ester","Rosin, glycerol ester","status US_FDA","No FDA regulation; used as a flavoring under the flavor industry's own GRAS determination (FEMA GRAS)","FEMA No. 4226","","CAS Reg No (or other ID): 8050-31-5 | Substance: ROSIN, GLYCEROL ESTER | Other Names: &diams; ROSIN, GLYCEROL ESTER<br />&diams; GLYCEROL ESTER OF ROSIN<br />&diams; RESIN ACIDS AND ROSIN ACIDS, ESTERS WITH GLYCEROL | Reg add01: 175.105 | Reg add02: 175.300 | FEMA No: 4226 | GRAS Pub No: 22","parsed: fda_saf FDA SAF id 8050-31-5, FEMA No 4226","",""
"D fda_saf","ing_2_methyl_4_phenyl_2_butyl_acetate","2-methyl-4-phenyl-2-butyl acetate","what it is / why used","A flavouring substance, used in food to add or help carry flavour.","","","FLAVOR ENHANCER; FLAVORING AGENT OR ADJUVANT","vocabulary: fda_saf FDA SAF ""Used for (Technical Effect)""","",""
"D fda_saf","ing_2_methyl_4_phenyl_2_butyl_acetate","2-methyl-4-phenyl-2-butyl acetate","status US_FDA","Permitted for direct addition to food, under the conditions in the regulation","21 CFR 172.515","https://www.ecfr.gov/current/title-21/section-172.515","§ 172.515 Synthetic flavoring substances and adjuvants. | 2-Methyl-4-phenyl-2-butyl acetate; dimethylphenylethyl carbinyl acetate.","parsed: ecfr_21_subchapter_b 21 CFR 172.515","",""
"D fda_saf","ing_cis_and_trans_2_isobutyl_4_methyl_1_3_dioxolane","Cis- and trans-2-isobutyl-4-methyl-1,3-dioxolane","what it is / why used","A flavouring substance, used in food to add or help carry flavour.","","","FLAVORING AGENT OR ADJUVANT","vocabulary: fda_saf FDA SAF ""Used for (Technical Effect)""","",""
"D fda_saf","ing_cis_and_trans_2_isobutyl_4_methyl_1_3_dioxolane","Cis- and trans-2-isobutyl-4-methyl-1,3-dioxolane","status US_FDA","No FDA regulation; used as a flavoring under the flavor industry's own GRAS determination (FEMA GRAS)","FEMA No. 4286","","CAS Reg No (or other ID): 18433-93-7 | Substance: CIS- AND TRANS-2-ISOBUTYL-4-METHYL-1,3-DIOXOLANE | Other Names: &diams; 3-METHYLBUTYRALDEHYDE PROPYLENE GLYCOL ACETAL<br />&diams; 1,3-dioxolane, 4-methyl-2-(2-methylpropyl)-<br />&diams; 4-methyl-2-(2-methylpropyl)-1,3-dioxolane<br />&diams; 1,3-dioxolane, 2-isobutyl-4-methyl-<br />&diams; 2-isobutyl-4-methyl-1,3-dioxolane<br />&diams; isovaleraldehyde propylene glycol acetal<br />&diams; InChI=1S/C8H16O2/c1-6(2)4-8-9-5-7(3)10-8/h6-8H,4-5H2,1-3H3<br />&diams; InChIKey: PDVLTWPJDBXATJ-UHFFFAOYSA-N | Used for (Technical Effect): FLAVORING AGENT OR ADJUVANT | FEMA No: 4286 | GRAS Pub No: 23 | JECFA Flavor Number: 1732","parsed: fda_saf FDA SAF id 18433-93-7, FEMA No 4286","",""
"D fda_saf","ing_lactalbumin","Lactalbumin","what it is / why used","Used in food to set or hold the acidity of food, and to add a nutrient, such as a vitamin or mineral.","","","FORMULATION AID; NUTRIENT SUPPLEMENT; PH CONTROL AGENT","vocabulary: fda_saf FDA SAF ""Used for (Technical Effect)""","",""
"D fda_saf","ing_lactalbumin","Lactalbumin","status US_FDA","Listed in FDA's Substances Added to Food inventory; no FDA regulation is cited","FDA Substances Added to Food","https://hfpappexternal.fda.gov/scripts/fdcc/index.cfm?set=FoodSubstances","CAS Reg No (or other ID): 9013-90-5 | Substance: LACTALBUMIN | Other Names: &diams; LACTALBUMIN<br />&diams; LACTALBUMINS | Used for (Technical Effect): FORMULATION AID,<br /> NUTRIENT SUPPLEMENT,<br /> PH CONTROL AGENT | regs Labeling & Standards : 131.111 , 131.112 , 131.170 , 131.200 , 131.203 , 131.206","parsed: fda_saf FDA SAF id 9013-90-5","",""
"D fda_saf","ing_lactalbumin","Lactalbumin","allergen: derived from","milk","","","lactalbumin | lactalbumins","vocabulary: fda_saf derived from the name","",""
"D fda_saf","ing_phenoxyacetic_acid","Phenoxyacetic acid","what it is / why used","A flavouring substance, used in food to add or help carry flavour.","","","FLAVORING AGENT OR ADJUVANT","vocabulary: fda_saf FDA SAF ""Used for (Technical Effect)""","",""
"D fda_saf","ing_phenoxyacetic_acid","Phenoxyacetic acid","status US_FDA","Permitted for direct addition to food, under the conditions in the regulation","21 CFR 172.515","https://www.ecfr.gov/current/title-21/section-172.515","§ 172.515 Synthetic flavoring substances and adjuvants. | Phenoxyacetic acid.","parsed: ecfr_21_subchapter_b 21 CFR 172.515","",""
"D fda_saf","ing_dog_grass_extract_agropyron_repens_l_beauv","Dog grass, extract (agropyron repens (l.) beauv.)","what it is / why used","A flavouring substance, used in food to add or help carry flavour.","","","FLAVOR ENHANCER; FLAVORING AGENT OR ADJUVANT","vocabulary: fda_saf FDA SAF ""Used for (Technical Effect)""","",""
"D fda_saf","ing_dog_grass_extract_agropyron_repens_l_beauv","Dog grass, extract (agropyron repens (l.) beauv.)","status US_FDA","Generally recognized as safe (GRAS)","21 CFR 182.20","https://www.ecfr.gov/current/title-21/section-182.20","§ 182.20 Essential oils, oleoresins (solvent-free), and natural extractives (including distillates). | Essential oils, oleoresins (solvent-free), and natural extractives (including distillates) that are generally recognized as safe for their intended use, within the meaning of section 409 of the Act, are as follows:","parsed: ecfr_21_subchapter_b 21 CFR 182.20","",""
"D fda_saf","ing_ethyl_3_methylpentanoate","Ethyl 3-methylpentanoate","what it is / why used","A flavouring substance, used in food to add or help carry flavour.","","","FLAVORING AGENT OR ADJUVANT","vocabulary: fda_saf FDA SAF ""Used for (Technical Effect)""","",""
"D fda_saf","ing_ethyl_3_methylpentanoate","Ethyl 3-methylpentanoate","status US_FDA","No FDA regulation; used as a flavoring under the flavor industry's own GRAS determination (FEMA GRAS)","FEMA No. 3679","","CAS Reg No (or other ID): 5870-68-8 | Substance: ETHYL 3-METHYLPENTANOATE | Other Names: &diams; ETHYL 3-METHYLVALERATE<br />&diams; ETHYL BETA-METHYLVALERATE<br />&diams; ETHYL 3-METHYLPENTANOATE<br />&diams; PENTANOIC ACID, 3-METHYL-, ETHYL ESTER<br />&diams; VALERIC ACID, 3-METHYL-, ETHYL ESTER | Used for (Technical Effect): FLAVORING AGENT OR ADJUVANT | FEMA No: 3679 | GRAS Pub No: 13 | JECFA Flavor Number: 215","parsed: fda_saf FDA SAF id 5870-68-8, FEMA No 3679","",""
"D fda_saf","ing_tansy","Tansy","what it is / why used","Listed by the US FDA as a substance added to food; the inventory records no purpose for it.","","","","vocabulary: fda_saf FDA SAF ""Used for (Technical Effect)""","",""
"D fda_saf","ing_tansy","Tansy","status US_FDA","Permitted for direct addition to food, under the conditions in the regulation","21 CFR 172.510","https://www.ecfr.gov/current/title-21/section-172.510","§ 172.510 Natural flavoring substances and natural substances used in conjunction with flavors. | Natural flavoring substances and natural adjuvants may be safely used in food in accordance with the following conditions.","parsed: ecfr_21_subchapter_b 21 CFR 172.510","",""
"D fda_saf","ing_ambrette_absolute_oil","Ambrette, absolute, oil","what it is / why used","A flavouring substance, used in food to add or help carry flavour.","","","FLAVORING AGENT OR ADJUVANT","vocabulary: fda_saf FDA SAF ""Used for (Technical Effect)""","",""
"D fda_saf","ing_ambrette_absolute_oil","Ambrette, absolute, oil","status US_FDA","No FDA regulation; used as a flavoring under the flavor industry's own GRAS determination (FEMA GRAS)","FEMA No. 2050","","CAS Reg No (or other ID): 977017-79-0 | Substance: AMBRETTE, ABSOLUTE, OIL (HIBISCUS ABELMOSCHUS L.) | Other Names: &diams; AMBRETTE ABSOLUTE<br />&diams; HIBISCUS ABELMOSCHUS ABSOLUTE | Used for (Technical Effect): FLAVORING AGENT OR ADJUVANT | Reg add01: 182.20 | FEMA No: 2050 | GRAS Pub No: 3","parsed: fda_saf FDA SAF id 977017-79-0, FEMA No 2050","",""
"D fda_saf","ing_lavender_concrete","Lavender, concrete","what it is / why used","A flavouring substance, used in food to add or help carry flavour.","","","FLAVORING AGENT OR ADJUVANT","vocabulary: fda_saf FDA SAF ""Used for (Technical Effect)""","",""
"D fda_saf","ing_lavender_concrete","Lavender, concrete","status US_FDA","No FDA regulation; used as a flavoring under the flavor industry's own GRAS determination (FEMA GRAS)","FEMA No. 2621","","CAS Reg No (or other ID): 977089-32-9 | Substance: LAVENDER, CONCRETE (LAVANDULA OFFICINALIS CHAIX) | Other Names: &diams; LAVENDER CONCRETE<br />&diams; LAVANDULA OFFICINALIS CONCRETE | Used for (Technical Effect): FLAVORING AGENT OR ADJUVANT | Reg add01: 182.20 | FEMA No: 2621 | GRAS Pub No: 3","parsed: fda_saf FDA SAF id 977089-32-9, FEMA No 2621","",""
"D fda_saf","ing_cyclohexane","Cyclohexane","what it is / why used","Used in food to dissolve or carry other ingredients, such as flavours or colours.","","","SOLVENT OR VEHICLE","vocabulary: fda_saf FDA SAF ""Used for (Technical Effect)""","",""
"D fda_saf","ing_cyclohexane","Cyclohexane","status US_FDA","Listed color additive, exempt from certification","21 CFR 73.1","https://www.ecfr.gov/current/title-21/section-73.1","§ 73.1 Diluents in color additive mixtures for food use exempt from certification. | The following substances may be safely used as diluents in color additive mixtures for food use exempt from certification, subject to the condition that each straight color in the mixture has been exempted from certification or, if not so exempted, is from a batch that has previously been certified and has not changed in composition since certification. If a specification for a particular diluent is not set forth in this part 73, the material shall be of a purity consistent with its intended use.","parsed: ecfr_21_subchapter_b 21 CFR 73.1","",""
"D fda_saf","ing_sodium_dodecylbenzenesulfonate","Sodium dodecylbenzenesulfonate","what it is / why used","Used in food to wash or peel produce.","","","WASHING OR SURFACE REMOVAL AGENT","vocabulary: fda_saf FDA SAF ""Used for (Technical Effect)""","",""
"D fda_saf","ing_sodium_dodecylbenzenesulfonate","Sodium dodecylbenzenesulfonate","status US_FDA","Permitted as a secondary direct food additive, under the conditions in the regulation","21 CFR 173.315","https://www.ecfr.gov/current/title-21/section-173.315","§ 173.315 Chemicals used in washing or to assist in the peeling of fruits and vegetables. | Chemicals may be safely used to wash or to assist in the peeling of fruits and vegetables in accordance with the following conditions:","parsed: ecfr_21_subchapter_b 21 CFR 173.315","",""
"D fda_saf","ing_pepper_white_oleoresin","Pepper, white, oleoresin","what it is / why used","A flavouring substance, used in food to add or help carry flavour.","","","FLAVORING AGENT OR ADJUVANT","vocabulary: fda_saf FDA SAF ""Used for (Technical Effect)""","",""
"D fda_saf","ing_pepper_white_oleoresin","Pepper, white, oleoresin","status US_FDA","Generally recognized as safe (GRAS)","21 CFR 182.20","https://www.ecfr.gov/current/title-21/section-182.20","§ 182.20 Essential oils, oleoresins (solvent-free), and natural extractives (including distillates). | Essential oils, oleoresins (solvent-free), and natural extractives (including distillates) that are generally recognized as safe for their intended use, within the meaning of section 409 of the Act, are as follows:","parsed: ecfr_21_subchapter_b 21 CFR 182.20","",""
"D fda_saf","ing_2_mercaptoethanol","2-mercaptoethanol","what it is / why used","Used in food-contact materials such as packaging, rather than added to food as an ingredient.","","","FLAVORING AGENT OR ADJUVANT","vocabulary: fda_saf FDA SAF ""Used for (Technical Effect)""","",""
"D fda_saf","ing_2_mercaptoethanol","2-mercaptoethanol","status US_FDA","Permitted only in food-contact materials (polymers), not as a food ingredient","21 CFR 177.1020","https://www.ecfr.gov/current/title-21/section-177.1020","§ 177.1020 Acrylonitrile/butadiene/styrene co-polymer. | Acrylonitrile/butadiene/styrene copolymer identified in this section may be safely used as an article or component of articles intended for use with all foods, except those containing alcohol, under conditions of use E, F, and G described in table 2 of § 176.170(c) of this chapter.","parsed: ecfr_21_subchapter_b 21 CFR 177.1020","",""
"D fda_saf","ing_dilauryl_thiodipropionate","Dilauryl thiodipropionate","what it is / why used","Listed by the US FDA as a substance added to food; the inventory records no purpose for it.","","","","vocabulary: fda_saf FDA SAF ""Used for (Technical Effect)""","",""
"D fda_saf","ing_dilauryl_thiodipropionate","Dilauryl thiodipropionate","status US_FDA","Generally recognized as safe (GRAS)","21 CFR 182.3280","https://www.ecfr.gov/current/title-21/section-182.3280","§ 182.3280 Dilauryl thiodipropionate. | (a) Product. Dilauryl thiodipropionate.","parsed: ecfr_21_subchapter_b 21 CFR 182.3280","",""
"D fda_saf","ing_dilauryl_thiodipropionate","Dilauryl thiodipropionate","status HK_CFS","Permitted preservative or antioxidant; maximum levels set by food category","Cap. 132BD, Schedule 1","https://www.elegislation.gov.hk/hk/cap132BD!en","Cap. 132BD Schedule 1A, Thiodipropionates (388 & 389): Dilauryl thiodipropionate (389)","parsed: hk_legislation Cap. 132BD, INS 389","",""
"D fda_saf","ing_mountain_maple_extract_solid","Mountain maple, extract solid","what it is / why used","A flavouring substance, used in food to add or help carry flavour.","","","FLAVORING AGENT OR ADJUVANT","vocabulary: fda_saf FDA SAF ""Used for (Technical Effect)""","",""
"D fda_saf","ing_mountain_maple_extract_solid","Mountain maple, extract solid","status US_FDA","No FDA regulation; used as a flavoring under the flavor industry's own GRAS determination (FEMA GRAS)","FEMA No. 2757","","CAS Reg No (or other ID): 977089-65-8 | Substance: MOUNTAIN MAPLE, EXTRACT SOLID (ACER SPICATUM LAM.) | Other Names: &diams; MOUNTAIN MAPLE EXTRACT, SOLID<br />&diams; ACER SPICATUM EXTRACT, SOLID | Used for (Technical Effect): FLAVORING AGENT OR ADJUVANT | Reg add01: 172.510 | FEMA No: 2757 | GRAS Pub No: 3","parsed: fda_saf FDA SAF id 977089-65-8, FEMA No 2757","",""
"D fda_saf","ing_cobalt_sulfate_prohibited_with_exceptions","Cobalt sulfate--prohibited with exceptions","what it is / why used","Used in food to change how liquids wet, foam or spread, and to help control malting or fermentation.","","","MALTING OR FERMENTING AID; SURFACE-ACTIVE AGENT","vocabulary: fda_saf FDA SAF ""Used for (Technical Effect)""","",""
"D fda_saf","ing_cobalt_sulfate_prohibited_with_exceptions","Cobalt sulfate--prohibited with exceptions","status US_FDA","Permitted as a secondary direct food additive, under the conditions in the regulation","21 CFR 173.310","https://www.ecfr.gov/current/title-21/section-173.310","§ 173.310 Boiler water additives. | Boiler water additives may be safely used in the preparation of steam that will contact food, under the following conditions:","parsed: ecfr_21_subchapter_b 21 CFR 173.310","",""
"D fda_saf","ing_sodium_calcium_alginate","Sodium calcium alginate","what it is / why used","Used in food to help oil and water stay evenly mixed, and to thicken food or keep its texture stable.","","","EMULSIFIER OR EMULSIFIER SALT; FIRMING AGENT; FLAVOR ENHANCER; FORMULATION AID; PROCESSING AID; STABILIZER OR THICKENER; SURFACE-ACTIVE AGENT; TEXTURIZER","vocabulary: fda_saf FDA SAF ""Used for (Technical Effect)""","",""
"D fda_saf","ing_sodium_calcium_alginate","Sodium calcium alginate","status US_FDA","Listed in FDA's Substances Added to Food inventory; no FDA regulation is cited","FDA Substances Added to Food","https://hfpappexternal.fda.gov/scripts/fdcc/index.cfm?set=FoodSubstances","CAS Reg No (or other ID): 12698-40-7 | Substance: ALGINATE, SODIUM CALCIUM | Other Names: &diams; CALCIUM SODIUM ALGINATE<br />&diams; ALGINIC ACID, CALCIUM SODIUM SALT<br />&diams; SODIUM CALCIUM ALGINATE | Used for (Technical Effect): EMULSIFIER OR EMULSIFIER SALT,<br /> FIRMING AGENT,<br /> FLAVOR ENHANCER,<br /> FORMULATION AID,<br /> PROCESSING AID,<br /> STABILIZER OR THICKENER,<br /> SURFACE-ACTIVE AGENT,<br /> TEXTURIZER","parsed: fda_saf FDA SAF id 12698-40-7","",""
"D fda_saf","ing_phenethyl_anthranilate","Phenethyl anthranilate","what it is / why used","A flavouring substance, used in food to add or help carry flavour.","","","FLAVORING AGENT OR ADJUVANT","vocabulary: fda_saf FDA SAF ""Used for (Technical Effect)""","",""
"D fda_saf","ing_phenethyl_anthranilate","Phenethyl anthranilate","status US_FDA","Permitted for direct addition to food, under the conditions in the regulation","21 CFR 172.515","https://www.ecfr.gov/current/title-21/section-172.515","§ 172.515 Synthetic flavoring substances and adjuvants. | Phenethyl anthranilate.","parsed: ecfr_21_subchapter_b 21 CFR 172.515","",""
"D fda_saf","ing_hydrogenated_tallow","Hydrogenated tallow","what it is / why used","Used in food-contact materials such as packaging, rather than added to food as an ingredient.","","","FLAVOR ENHANCER; FLAVORING AGENT OR ADJUVANT; MASTICATORY SUBSTANCE; STABILIZER OR THICKENER","vocabulary: fda_saf FDA SAF ""Used for (Technical Effect)""","",""
"D fda_saf","ing_hydrogenated_tallow","Hydrogenated tallow","status US_FDA","Permitted only in food-contact materials (paper and paperboard), not as a food ingredient","21 CFR 176.170","https://www.ecfr.gov/current/title-21/section-176.170","§ 176.170 Components of paper and paperboard in contact with aqueous and fatty foods. | Substances identified in this section may be safely used as components of the uncoated or coated food-contact surface of paper and paperboard intended for use in producing, manufacturing, packaging, processing, preparing, treating, packing, transporting, or holding aqueous and fatty foods, subject to the provisions of this section. Components of paper and paperboard in contact with dry food of the type identified under Type VIII of table 1 in paragraph (c) of this section are subject to the provisions of § 176.180.","parsed: ecfr_21_subchapter_b 21 CFR 176.170","",""
"D fda_saf","ing_galanga_greater","Galanga, greater","what it is / why used","A flavouring substance, used in food to add or help carry flavour.","","","FLAVORING AGENT OR ADJUVANT","vocabulary: fda_saf FDA SAF ""Used for (Technical Effect)""","",""
"D fda_saf","ing_galanga_greater","Galanga, greater","status US_FDA","Permitted for direct addition to food, under the conditions in the regulation","21 CFR 172.510","https://www.ecfr.gov/current/title-21/section-172.510","§ 172.510 Natural flavoring substances and natural substances used in conjunction with flavors. | Natural flavoring substances and natural adjuvants may be safely used in food in accordance with the following conditions.","parsed: ecfr_21_subchapter_b 21 CFR 172.510","",""
"D fda_saf","ing_methyl_acrylate_dvb_3_5_copolymer_aminolyzed_with_dmapa","Methyl acrylate-dvb(3.5%), copolymer, aminolyzed with dmapa","what it is / why used","Used in food to help during processing, for example to clarify or filter.","","","PROCESSING AID","vocabulary: fda_saf FDA SAF ""Used for (Technical Effect)""","",""
"D fda_saf","ing_methyl_acrylate_dvb_3_5_copolymer_aminolyzed_with_dmapa","Methyl acrylate-dvb(3.5%), copolymer, aminolyzed with dmapa","status US_FDA","Permitted as a secondary direct food additive, under the conditions in the regulation","21 CFR 173.25","https://www.ecfr.gov/current/title-21/section-173.25","§ 173.25 Ion-exchange resins. | Ion-exchange resins may be safely used in the treatment of food under the following prescribed conditions:","parsed: ecfr_21_subchapter_b 21 CFR 173.25","",""
"D fda_saf","ing_succinic_acid","Succinic acid","what it is / why used","Used in food to set or hold the acidity of food.","","","§ 184.1091 Succinic acid. | (a) Succinic acid (C 4 H 6 O 4 , CAS Reg. No. 110-15-6), also referred to as amber acid and ethylenesuccinic acid, is the chemical 1,4-butanedioic acid. It is commercially prepared by hydrogenation of maleic or fumaric acid. It can also be produced by aqueous alkali or acid hydrolysis of succinonitrile.","vocabulary: ecfr_21_subchapter_b 21 CFR 184.1091 (170.3(o) references)","",""
"D fda_saf","ing_succinic_acid","Succinic acid","status US_FDA","Affirmed by FDA as generally recognized as safe (GRAS)","21 CFR 184.1091","https://www.ecfr.gov/current/title-21/section-184.1091","§ 184.1091 Succinic acid. | (a) Succinic acid (C 4 H 6 O 4 , CAS Reg. No. 110-15-6), also referred to as amber acid and ethylenesuccinic acid, is the chemical 1,4-butanedioic acid. It is commercially prepared by hydrogenation of maleic or fumaric acid. It can also be produced by aqueous alkali or acid hydrolysis of succinonitrile.","parsed: ecfr_21_subchapter_b 21 CFR 184.1091","",""
"D fda_saf","ing_succinic_acid","Succinic acid","status EU_EFSA","Authorised food additive; permitted foods and maximum levels set in Annex II","Reg. (EC) 1333/2008, Annex II — E 363","https://eur-lex.europa.eu/eli/reg/2008/1333/oj","Annex II Part B, list 3: E 363 — Succinic acid","parsed: eu_1333_2008 Annex II Part B, E363","",""
"D fda_saf","ing_ethyl_thioacetate","Ethyl thioacetate","what it is / why used","A flavouring substance, used in food to add or help carry flavour.","","","FLAVOR ENHANCER; FLAVORING AGENT OR ADJUVANT","vocabulary: fda_saf FDA SAF ""Used for (Technical Effect)""","",""
"D fda_saf","ing_ethyl_thioacetate","Ethyl thioacetate","status US_FDA","No FDA regulation; used as a flavoring under the flavor industry's own GRAS determination (FEMA GRAS)","FEMA No. 3282","","CAS Reg No (or other ID): 625-60-5 | Substance: ETHYL THIOACETATE | Other Names: &diams; S-ETHYL THIOACETATE<br />&diams; ETHYL THIOACETATE<br />&diams; ETHYL THIOLACETATE<br />&diams; S-ETHYL THIOLACETATE<br />&diams; ACETIC ACID, THIO-, S-ETHYL ESTER<br />&diams; ETHANETHIOIC ACID, S-ETHYL ESTER<br />&diams; S-ETHYL ETHANETHIOATE | Used for (Technical Effect): FLAVOR ENHANCER,<br /> FLAVORING AGENT OR ADJUVANT | FEMA No: 3282 | GRAS Pub No: 5 | JECFA Flavor Number: 483","parsed: fda_saf FDA SAF id 625-60-5, FEMA No 3282","",""
"D fda_saf","ing_starch_food_modified_succinyl_distarch_glycerol","Starch, food, modified: succinyl distarch glycerol","what it is / why used","Used in food to thicken food or keep its texture stable.","","","STABILIZER OR THICKENER","vocabulary: fda_saf FDA SAF ""Used for (Technical Effect)""","",""
"D fda_saf","ing_starch_food_modified_succinyl_distarch_glycerol","Starch, food, modified: succinyl distarch glycerol","status US_FDA","Listed in FDA's Substances Added to Food inventory; no FDA regulation is cited","FDA Substances Added to Food","https://hfpappexternal.fda.gov/scripts/fdcc/index.cfm?set=FoodSubstances","CAS Reg No (or other ID): 977043-59-6 | Substance: STARCH, FOOD, MODIFIED: SUCCINYL DISTARCH GLYCEROL | Other Names: &diams; SUCCINYL DISTARCH GLYCEROL | Used for (Technical Effect): STABILIZER OR THICKENER | Reg add01: 175.105","parsed: fda_saf FDA SAF id 977043-59-6","",""
"D fda_saf","ing_mountain_maple","Mountain maple","what it is / why used","A flavouring substance, used in food to add or help carry flavour.","","","FLAVORING AGENT OR ADJUVANT","vocabulary: fda_saf FDA SAF ""Used for (Technical Effect)""","",""
"D fda_saf","ing_mountain_maple","Mountain maple","status US_FDA","Permitted for direct addition to food, under the conditions in the regulation","21 CFR 172.510","https://www.ecfr.gov/current/title-21/section-172.510","§ 172.510 Natural flavoring substances and natural substances used in conjunction with flavors. | Natural flavoring substances and natural adjuvants may be safely used in food in accordance with the following conditions.","parsed: ecfr_21_subchapter_b 21 CFR 172.510","",""
"D fda_saf","ing_2_hydroxypiperitone","(+/-)-2-hydroxypiperitone","what it is / why used","A flavouring substance, used in food to add or help carry flavour.","","","FLAVORING AGENT OR ADJUVANT","vocabulary: fda_saf FDA SAF ""Used for (Technical Effect)""","",""
"D fda_saf","ing_2_hydroxypiperitone","(+/-)-2-hydroxypiperitone","status US_FDA","No FDA regulation; used as a flavoring under the flavor industry's own GRAS determination (FEMA GRAS)","FEMA No. 4143","","CAS Reg No (or other ID): 490-03-9 | Substance: (+/-)-2-HYDROXYPIPERITONE | Other Names: &diams; DIOSPHENOL<br />&diams; 2-HYDROXY-3-METHYL-6-(1-METHYLETHYL)-2-CYCLOHEXEN-1-ONE<br />&diams; 1-METHYL-4-ISOPROPYL-1-CYCLOHEXEN-2-OL-3-ONE<br />&diams; 2-HYDROXYPIPERITONE<br />&diams; 1-P-MENTHEN-2-OL-3-ONE<br />&diams; 2-CYCLOHEXEN-1-ONE, 2-HYDROXY-3-METHYL-6-(1-METHYLETHYL)-<br />&diams; BAROSMA CAMPHOR<br />&diams; BUCCOCAMPHOR<br />&diams; BUCHU CAMPHOR<br />&diams; 2-hydroxy-6-isopropyl-3-methylcyclohex-2-1-one | Used for (Technical Effect): FLAVORING AGENT OR ADJUVANT | FEMA No: 4143 | GRAS Pub No: 22 | JECFA Flavor Number: 2038","parsed: fda_saf FDA SAF id 490-03-9, FEMA No 4143","",""
"D fda_saf","ing_2_3_5_6_tetramethylpyrazine","2,3,5,6-tetramethylpyrazine","what it is / why used","A flavouring substance, used in food to add or help carry flavour.","","","FLAVORING AGENT OR ADJUVANT","vocabulary: fda_saf FDA SAF ""Used for (Technical Effect)""","",""
"D fda_saf","ing_2_3_5_6_tetramethylpyrazine","2,3,5,6-tetramethylpyrazine","status US_FDA","No FDA regulation; used as a flavoring under the flavor industry's own GRAS determination (FEMA GRAS)","FEMA No. 3237","","CAS Reg No (or other ID): 1124-11-4 | Substance: 2,3,5,6-TETRAMETHYLPYRAZINE | Other Names: &diams; TETRAMETHYLPYRAZINE<br />&diams; 2,3,5,6-TETRAMETHYLPYRAZINE<br />&diams; PYRAZINE, TETRAMETHYL-<br />&diams; BS FACTOR<br />&diams; TETRAPYRAZINE | Used for (Technical Effect): FLAVORING AGENT OR ADJUVANT | FEMA No: 3237 | GRAS Pub No: 4 | Most Recent GRAS Pub Update: 25 | JECFA Flavor Number: 780","parsed: fda_saf FDA SAF id 1124-11-4, FEMA No 3237","",""
"D fda_saf","ing_propyl_benzoate","Propyl benzoate","what it is / why used","A flavouring substance, used in food to add or help carry flavour.","","","FLAVORING AGENT OR ADJUVANT","vocabulary: fda_saf FDA SAF ""Used for (Technical Effect)""","",""
"D fda_saf","ing_propyl_benzoate","Propyl benzoate","status US_FDA","Permitted for direct addition to food, under the conditions in the regulation","21 CFR 172.515","https://www.ecfr.gov/current/title-21/section-172.515","§ 172.515 Synthetic flavoring substances and adjuvants. | Isopropyl benzoate.","parsed: ecfr_21_subchapter_b 21 CFR 172.515","",""
"D fda_saf","ing_black_caraway","Black caraway","what it is / why used","A flavouring substance, used in food to add or help carry flavour.","","","FLAVORING AGENT OR ADJUVANT","vocabulary: fda_saf FDA SAF ""Used for (Technical Effect)""","",""
"D fda_saf","ing_black_caraway","Black caraway","status US_FDA","Generally recognized as safe (GRAS)","21 CFR 182.10","https://www.ecfr.gov/current/title-21/section-182.10","§ 182.10 Spices and other natural seasonings and flavorings. | Spices and other natural seasonings and flavorings that are generally recognized as safe for their intended use, within the meaning of section 409 of the Act, are as follows:","parsed: ecfr_21_subchapter_b 21 CFR 182.10","",""
"D fda_saf","ing_hydrogen_peroxide","Hydrogen peroxide","what it is / why used","Used in food to slow the growth of microorganisms such as mould, yeast and bacteria, and to strengthen dough by modifying its starch and gluten.","","","ANTIMICROBIAL AGENT; DOUGH STRENGTHENER; FLOUR TREATING AGENT; FUMIGANT; OXIDIZING OR REDUCING AGENT","vocabulary: fda_saf FDA SAF ""Used for (Technical Effect)""","",""
"D fda_saf","ing_hydrogen_peroxide","Hydrogen peroxide","status US_FDA","Affirmed by FDA as generally recognized as safe (GRAS)","21 CFR 184.1366","https://www.ecfr.gov/current/title-21/section-184.1366","§ 184.1366 Hydrogen peroxide. | (a) Hydrogen peroxide (H 2 O 2 , CAS Reg. No. 7722-84-1) is also referred to as hydrogen dioxide. It is made by the electrolytic oxidation of sulfuric acid or a sulfate to persulfuric acid or a persulfuric acid salt with subsequent hydrolysis and distillation of the hydrogen peroxide formed; by decomposition of barium peroxide with sulfuric or phosphoric acid; by hydrogen reduction of 2-ethylanthraquinone, followed by oxidation with air, to regenerate the quinone and produce hydrogen peroxide; or by electrical discharge through a mixture of hydrogen, oxygen, and water vapor.","parsed: ecfr_21_subchapter_b 21 CFR 184.1366","",""
"D fda_saf","ing_piperazine","Piperazine","what it is / why used","Used in food-contact materials such as packaging, rather than added to food as an ingredient.","","","FLAVORING AGENT OR ADJUVANT","vocabulary: fda_saf FDA SAF ""Used for (Technical Effect)""","",""
"D fda_saf","ing_piperazine","Piperazine","status US_FDA","Permitted only in food-contact materials (adhesives and coatings), not as a food ingredient","21 CFR 175.105","https://www.ecfr.gov/current/title-21/section-175.105","§ 175.105 Adhesives. | (a) Adhesives may be safely used as components of articles intended for use in packaging, transporting, or holding food in accordance with the following prescribed conditions:","parsed: ecfr_21_subchapter_b 21 CFR 175.105","",""
"D fda_saf","ing_3_methyl_3_phenyl_glycidic_acid_ethyl_ester","3-methyl-3-phenyl glycidic acid ethyl ester","what it is / why used","A flavouring substance, used in food to add or help carry flavour.","","","FLAVORING AGENT OR ADJUVANT","vocabulary: fda_saf FDA SAF ""Used for (Technical Effect)""","",""
"D fda_saf","ing_3_methyl_3_phenyl_glycidic_acid_ethyl_ester","3-methyl-3-phenyl glycidic acid ethyl ester","status US_FDA","Generally recognized as safe (GRAS)","21 CFR 182.60","https://www.ecfr.gov/current/title-21/section-182.60","§ 182.60 Synthetic flavoring substances and adjuvants. | 3-Methyl-3-phenyl glycidic acid ethyl ester (ethyl-methyl-phenyl-glycidate, so-called strawberry aldehyde, C-16 aldehyde).","parsed: ecfr_21_subchapter_b 21 CFR 182.60","",""
"D fda_saf","ing_ethyl_p_tolyloxy_acetate","Ethyl (P-tolyloxy)acetate","what it is / why used","A flavouring substance, used in food to add or help carry flavour.","","","FLAVOR ENHANCER; FLAVORING AGENT OR ADJUVANT","vocabulary: fda_saf FDA SAF ""Used for (Technical Effect)""","",""
"D fda_saf","ing_ethyl_p_tolyloxy_acetate","Ethyl (P-tolyloxy)acetate","status US_FDA","No FDA regulation; used as a flavoring under the flavor industry's own GRAS determination (FEMA GRAS)","FEMA No. 3157","","CAS Reg No (or other ID): 67028-40-4 | Substance: ETHYL (P-TOLYLOXY)ACETATE | Other Names: &diams; ETHYL (P-TOLYLOXY)ACETATE<br />&diams; ACETIC ACID, (4-METHYLPHENOXY)-, ETHYL ESTER<br />&diams; ACETIC ACID, P-TOLYLOXY-, ETHYL ESTER<br />&diams; ETHYL P-CRESOXYACETATE<br />&diams; ETHYL (4-METHYLPHENOXY)ACETATE<br />&diams; ETHYL P-TOLYLOXYACETATE | Used for (Technical Effect): FLAVOR ENHANCER,<br /> FLAVORING AGENT OR ADJUVANT | FEMA No: 3157 | GRAS Pub No: 4 | JECFA Flavor Number: 1027","parsed: fda_saf FDA SAF id 67028-40-4, FEMA No 3157","",""
"D fda_saf","ing_isopropylamine","Isopropylamine","what it is / why used","A flavouring substance, used in food to add or help carry flavour.","","","FLAVORING AGENT OR ADJUVANT","vocabulary: fda_saf FDA SAF ""Used for (Technical Effect)""","",""
"D fda_saf","ing_isopropylamine","Isopropylamine","status US_FDA","No FDA regulation; used as a flavoring under the flavor industry's own GRAS determination (FEMA GRAS)","FEMA No. 4238","","CAS Reg No (or other ID): 75-31-0 | Substance: ISOPROPYLAMINE | Other Names: &diams; ISOPROPYLAMINE<br />&diams; 2-AMINOPROPANE | Used for (Technical Effect): FLAVORING AGENT OR ADJUVANT | FEMA No: 4238 | GRAS Pub No: 22 | JECFA Flavor Number: 1581","parsed: fda_saf FDA SAF id 75-31-0, FEMA No 4238","",""
"D fda_saf","ing_myricitrin","Myricitrin","what it is / why used","A flavouring substance, used in food to add or help carry flavour.","","","FLAVORING AGENT OR ADJUVANT","vocabulary: fda_saf FDA SAF ""Used for (Technical Effect)""","",""
"D fda_saf","ing_myricitrin","Myricitrin","status US_FDA","No FDA regulation; used as a flavoring under the flavor industry's own GRAS determination (FEMA GRAS)","FEMA No. 4491","","CAS Reg No (or other ID): 17912-87-7 | Substance: MYRICITRIN | Other Names: &diams; MYRICITRIN<br />&diams; MYRICETIN 3-RHAMNOSIDE<br />&diams; 4H-1-benzopyran-4-one, 3-((6-deoxy-alpha-L-mannopyranosyl)oxy)-5,7-dihydroxy-2-(3,4,5-trihydroxyphenyl)-<br />&diams; 3-((6-deoxy-alpha-L-mannopyranosyl)oxy)-5,7-dihydroxy-2-(3,4,5-trihydroxyphenyl)-4H-1-benzopyran-4-one<br />&diams; 3,3',4',5,5',7-hexahydroxyflavone, 3-rhamnoside<br />&diams; InChI=1S/C21H20O12/c1-6-14(26)17(29)18(30)21(31-6)33-20-16(28)13-9(23)4-8(22)5-12(13)32-19(20)7-2-10(24)15(27)11(25)3-7/h2-6,14,17-18,21-27,29-30H,1H3/t6-,14-,17+,18+,21-/m0/s1<br />&diams; InChIKey: DCYOADKBABEMIQ-OWMUPTOHSA-N | Used for (Technical Effect): FLAVORING AGENT OR ADJUVANT | FEMA No: 4491 | GRAS Pub No: 24 | JECFA Flavor Number: 2207","parsed: fda_saf FDA SAF id 17912-87-7, FEMA No 4491","",""
"D fda_saf","ing_sodium_fluoride","Sodium fluoride","what it is / why used","Used in food-contact materials such as packaging, rather than added to food as an ingredient.","","","STABILIZER OR THICKENER","vocabulary: fda_saf FDA SAF ""Used for (Technical Effect)""","",""
"D fda_saf","ing_sodium_fluoride","Sodium fluoride","status US_FDA","Permitted only in food-contact materials (adhesives and coatings), not as a food ingredient","21 CFR 175.105","https://www.ecfr.gov/current/title-21/section-175.105","§ 175.105 Adhesives. | (a) Adhesives may be safely used as components of articles intended for use in packaging, transporting, or holding food in accordance with the following prescribed conditions:","parsed: ecfr_21_subchapter_b 21 CFR 175.105","",""
"D fda_saf","ing_nordihydroguaiaretic_acid_prohibited_with_exceptions","Nordihydroguaiaretic acid--prohibited with exceptions","what it is / why used","Used in food to slow the changes oxygen causes, such as fats turning rancid or cut surfaces browning. The US FDA prohibits its use in human food.","","","ANTIOXIDANT","vocabulary: fda_saf FDA SAF ""Used for (Technical Effect)""","",""
"D fda_saf","ing_nordihydroguaiaretic_acid_prohibited_with_exceptions","Nordihydroguaiaretic acid--prohibited with exceptions","status US_FDA","Prohibited from use in human food","21 CFR 189.165","https://www.ecfr.gov/current/title-21/section-189.165","§ 189.165 Nordihydroguaiaretic acid (NDGA). | (a) Nordihydroguaiaretic acid is the chemical 4,4′-(2,3-dimethyltetramethylene) dipyrocatechol, C 18 H 22 O 4 . It occurs naturally in the resinous exudates of certain plants. The commercial product, which is synthesized, has been used as an antioxidant in foods.","parsed: ecfr_21_subchapter_b 21 CFR 189.165","",""
"D fda_saf","ing_alfalfa_extract","Alfalfa, extract","what it is / why used","A flavouring substance, used in food to add or help carry flavour.","","","FLAVOR ENHANCER; FLAVORING AGENT OR ADJUVANT","vocabulary: fda_saf FDA SAF ""Used for (Technical Effect)""","",""
"D fda_saf","ing_alfalfa_extract","Alfalfa, extract","status US_FDA","Generally recognized as safe (GRAS)","21 CFR 182.20","https://www.ecfr.gov/current/title-21/section-182.20","§ 182.20 Essential oils, oleoresins (solvent-free), and natural extractives (including distillates). | Essential oils, oleoresins (solvent-free), and natural extractives (including distillates) that are generally recognized as safe for their intended use, within the meaning of section 409 of the Act, are as follows:","parsed: ecfr_21_subchapter_b 21 CFR 182.20","",""
"D fda_saf","ing_omega_6_hexadecenlactone","Omega-6-hexadecenlactone","what it is / why used","A flavouring substance, used in food to add or help carry flavour.","","","FLAVORING AGENT OR ADJUVANT","vocabulary: fda_saf FDA SAF ""Used for (Technical Effect)""","",""
"D fda_saf","ing_omega_6_hexadecenlactone","Omega-6-hexadecenlactone","status US_FDA","Permitted for direct addition to food, under the conditions in the regulation","21 CFR 172.515","https://www.ecfr.gov/current/title-21/section-172.515","§ 172.515 Synthetic flavoring substances and adjuvants. | Synthetic flavoring substances and adjuvants may be safely used in food in accordance with the following conditions.","parsed: ecfr_21_subchapter_b 21 CFR 172.515","",""
"D fda_saf","ing_gamma_glutamyl_valyl_glycine","Gamma-glutamyl-valyl-glycine","what it is / why used","A flavouring substance, used in food to add or help carry flavour.","","","FLAVORING AGENT OR ADJUVANT","vocabulary: fda_saf FDA SAF ""Used for (Technical Effect)""","",""
"D fda_saf","ing_gamma_glutamyl_valyl_glycine","Gamma-glutamyl-valyl-glycine","status US_FDA","No FDA regulation; used as a flavoring under the flavor industry's own GRAS determination (FEMA GRAS)","FEMA No. 4709","","CAS Reg No (or other ID): 38837-70-6 | Substance: GAMMA-GLUTAMYL-VALYL-GLYCINE | Other Names: &diams; GAMMA-GLUTAMYL-VALYL-GLYCINE<br />&diams; L-gamma-glutamyl-L-valylglycine<br />&diams; glycine, L-gamma-glutamyl-L-valyl-<br />&diams; gamma-Glu-Val-Gly<br />&diams; N-(N-L-gamma-glutamyl-L-valyl)glycine | Used for (Technical Effect): FLAVORING AGENT OR ADJUVANT | FEMA No: 4709 | GRAS Pub No: 25 | Most Recent GRAS Pub Update: 27 | JECFA Flavor Number: 2123","parsed: fda_saf FDA SAF id 38837-70-6, FEMA No 4709","",""
"D fda_saf","ing_rhatany_extract","Rhatany, extract","what it is / why used","A flavouring substance, used in food to add or help carry flavour.","","","FLAVORING AGENT OR ADJUVANT","vocabulary: fda_saf FDA SAF ""Used for (Technical Effect)""","",""
"D fda_saf","ing_rhatany_extract","Rhatany, extract","status US_FDA","No FDA regulation; used as a flavoring under the flavor industry's own GRAS determination (FEMA GRAS)","FEMA No. 2979","","CAS Reg No (or other ID): 84775-95-1 | Substance: RHATANY, EXTRACT (KRAMERIA SPP.) | Other Names: &diams; KRAMERIA EXTRACT<br />&diams; RHATANY EXTRACT<br />&diams; RHATANY, KRAMERIA TRIANDRA, EXT. | Used for (Technical Effect): FLAVORING AGENT OR ADJUVANT | Reg add01: 172.510 | FEMA No: 2979 | GRAS Pub No: 3","parsed: fda_saf FDA SAF id 84775-95-1, FEMA No 2979","",""
"D fda_saf","ing_2_methyl_4_phenyl_2_butyl_isobutyrate","2-methyl-4-phenyl-2-butyl isobutyrate","what it is / why used","A flavouring substance, used in food to add or help carry flavour.","","","FLAVORING AGENT OR ADJUVANT","vocabulary: fda_saf FDA SAF ""Used for (Technical Effect)""","",""
"D fda_saf","ing_2_methyl_4_phenyl_2_butyl_isobutyrate","2-methyl-4-phenyl-2-butyl isobutyrate","status US_FDA","Permitted for direct addition to food, under the conditions in the regulation","21 CFR 172.515","https://www.ecfr.gov/current/title-21/section-172.515","§ 172.515 Synthetic flavoring substances and adjuvants. | 2-Methyl-4-phenyl-2-butyl isobutyrate; dimethylphenyl ethylcarbinyl isobutyrate.","parsed: ecfr_21_subchapter_b 21 CFR 172.515","",""
"D fda_saf","ing_dittany_fraxinella_roots","Dittany (fraxinella) roots","what it is / why used","A flavouring substance, used in food to add or help carry flavour.","","","FLAVORING AGENT OR ADJUVANT","vocabulary: fda_saf FDA SAF ""Used for (Technical Effect)""","",""
"D fda_saf","ing_dittany_fraxinella_roots","Dittany (fraxinella) roots","status US_FDA","Permitted for direct addition to food, under the conditions in the regulation","21 CFR 172.510","https://www.ecfr.gov/current/title-21/section-172.510","§ 172.510 Natural flavoring substances and natural substances used in conjunction with flavors. | Natural flavoring substances and natural adjuvants may be safely used in food in accordance with the following conditions.","parsed: ecfr_21_subchapter_b 21 CFR 172.510","",""
"D fda_saf","ing_3_ethylthio_butanol","(+/-)-3-(ethylthio)butanol","what it is / why used","A flavouring substance, used in food to add or help carry flavour.","","","FLAVORING AGENT OR ADJUVANT","vocabulary: fda_saf FDA SAF ""Used for (Technical Effect)""","",""
"D fda_saf","ing_3_ethylthio_butanol","(+/-)-3-(ethylthio)butanol","status US_FDA","No FDA regulation; used as a flavoring under the flavor industry's own GRAS determination (FEMA GRAS)","FEMA No. 4282","","CAS Reg No (or other ID): 117013-33-9 | Substance: (+/-)-3-(ETHYLTHIO)BUTANOL | Other Names: &diams; 3-(ETHYLTHIO)BUTANOL<br />&diams; 1-butanol, 3-(ethylthio)-<br />&diams; 3-(ethylthio)-1-butanol<br />&diams; InChi=1S/C6H14OS/c1-3-8-6(2)4-5-7/h6-7H,3-5H2,1-2H3<br />&diams; InChIKey: RNFXBUGJWZOUJT-UHFFFAOYSA-N | Used for (Technical Effect): FLAVORING AGENT OR ADJUVANT | FEMA No: 4282 | GRAS Pub No: 23 | JECFA Flavor Number: 1703","parsed: fda_saf FDA SAF id 117013-33-9, FEMA No 4282","",""
"D fda_saf","ing_2_5_diethyl_3_methylpyrazine","2,5-diethyl-3-methylpyrazine","what it is / why used","A flavouring substance, used in food to add or help carry flavour.","","","FLAVORING AGENT OR ADJUVANT","vocabulary: fda_saf FDA SAF ""Used for (Technical Effect)""","",""
"D fda_saf","ing_2_5_diethyl_3_methylpyrazine","2,5-diethyl-3-methylpyrazine","status US_FDA","No FDA regulation; used as a flavoring under the flavor industry's own GRAS determination (FEMA GRAS)","FEMA No. 3915","","CAS Reg No (or other ID): 32736-91-7 | Substance: 2,5-DIETHYL-3-METHYLPYRAZINE | Other Names: &diams; 2,5-DIETHYL-3-METHYLPYRAZINE<br />&diams; PYRAZINE, 2,5-DIETHYL-3-METHYL- | Used for (Technical Effect): FLAVORING AGENT OR ADJUVANT | FEMA No: 3915 | GRAS Pub No: 19 | JECFA Flavor Number: 778","parsed: fda_saf FDA SAF id 32736-91-7, FEMA No 3915","",""
"D fda_saf","ing_n_1_1_dimethyl_2_hydroxyethyl_2_2_diethylbutanamide","N-(1,1-dimethyl-2-hydroxyethyl)-2,2-diethylbutanamide","what it is / why used","A flavouring substance, used in food to add or help carry flavour.","","","FLAVORING AGENT OR ADJUVANT","vocabulary: fda_saf FDA SAF ""Used for (Technical Effect)""","",""
"D fda_saf","ing_n_1_1_dimethyl_2_hydroxyethyl_2_2_diethylbutanamide","N-(1,1-dimethyl-2-hydroxyethyl)-2,2-diethylbutanamide","status US_FDA","No FDA regulation; used as a flavoring under the flavor industry's own GRAS determination (FEMA GRAS)","FEMA No. 4603","","CAS Reg No (or other ID): 51115-77-6 | Substance: N-(1,1-DIMETHYL-2-HYDROXYETHYL)-2,2-DIETHYLBUTANAMIDE | Other Names: &diams; 2,2-DIETHYL-N-(2-HYDROXY-1,1-DIMETHYLETHYL)BUTANAMIDE<br />&diams; butanamide, 2,2-diethyl-N-(2-hydroxy-1,1-dimethylethyl)-<br />&diams; N-(1,1-dimethyl-2-hydroxyethyl)-2,2-diethylbutanamide | Used for (Technical Effect): FLAVORING AGENT OR ADJUVANT | FEMA No: 4603 | GRAS Pub No: 24 | JECFA Flavor Number: 2011","parsed: fda_saf FDA SAF id 51115-77-6, FEMA No 4603","",""
"D fda_saf","ing_e_4_undecenal","(e)-4-undecenal","what it is / why used","A flavouring substance, used in food to add or help carry flavour.","","","FLAVORING AGENT OR ADJUVANT","vocabulary: fda_saf FDA SAF ""Used for (Technical Effect)""","",""
"D fda_saf","ing_e_4_undecenal","(e)-4-undecenal","status US_FDA","No FDA regulation; used as a flavoring under the flavor industry's own GRAS determination (FEMA GRAS)","FEMA No. 4672","","CAS Reg No (or other ID): 68820-35-9 | Substance: (E)-4-UNDECENAL | Other Names: &diams; 4-UNDECENAL, (E)-<br />&diams; 4-undecanal, (4E)-<br />&diams; 4-undecenal, trans- | Used for (Technical Effect): FLAVORING AGENT OR ADJUVANT | FEMA No: 4672 | GRAS Pub No: 25 | JECFA Flavor Number: 2185","parsed: fda_saf FDA SAF id 68820-35-9, FEMA No 4672","",""
"D fda_saf","ing_alpha_methylbenzyl_isobutyrate","Alpha-methylbenzyl isobutyrate","what it is / why used","A flavouring substance, used in food to add or help carry flavour.","","","FLAVORING AGENT OR ADJUVANT","vocabulary: fda_saf FDA SAF ""Used for (Technical Effect)""","",""
"D fda_saf","ing_alpha_methylbenzyl_isobutyrate","Alpha-methylbenzyl isobutyrate","status US_FDA","Permitted for direct addition to food, under the conditions in the regulation","21 CFR 172.515","https://www.ecfr.gov/current/title-21/section-172.515","§ 172.515 Synthetic flavoring substances and adjuvants. | Synthetic flavoring substances and adjuvants may be safely used in food in accordance with the following conditions.","parsed: ecfr_21_subchapter_b 21 CFR 172.515","",""
"D fda_saf","ing_alpha_methylbenzyl_formate","Alpha-methylbenzyl formate","what it is / why used","A flavouring substance, used in food to add or help carry flavour.","","","FLAVORING AGENT OR ADJUVANT","vocabulary: fda_saf FDA SAF ""Used for (Technical Effect)""","",""
"D fda_saf","ing_alpha_methylbenzyl_formate","Alpha-methylbenzyl formate","status US_FDA","Permitted for direct addition to food, under the conditions in the regulation","21 CFR 172.515","https://www.ecfr.gov/current/title-21/section-172.515","§ 172.515 Synthetic flavoring substances and adjuvants. | Synthetic flavoring substances and adjuvants may be safely used in food in accordance with the following conditions.","parsed: ecfr_21_subchapter_b 21 CFR 172.515","",""
"D fda_saf","ing_2_methyl_2_octenal","2-methyl-2-octenal","what it is / why used","A flavouring substance, used in food to add or help carry flavour.","","","FLAVORING AGENT OR ADJUVANT","vocabulary: fda_saf FDA SAF ""Used for (Technical Effect)""","",""
"D fda_saf","ing_2_methyl_2_octenal","2-methyl-2-octenal","status US_FDA","No FDA regulation; used as a flavoring under the flavor industry's own GRAS determination (FEMA GRAS)","FEMA No. 3711","","CAS Reg No (or other ID): 73757-27-4 | Substance: 2-METHYL-2-OCTENAL | Other Names: &diams; 2-METHYL-2-OCTENAL<br />&diams; 2-OCTENAL, 2-METHYL- | Used for (Technical Effect): FLAVORING AGENT OR ADJUVANT | FEMA No: 3711 | GRAS Pub No: 13 | JECFA Flavor Number: 1217","parsed: fda_saf FDA SAF id 73757-27-4, FEMA No 3711","",""
"D fda_saf","ing_kelp","Kelp","what it is / why used","A flavouring substance, used in food to add or help carry flavour.","","","FLAVORING AGENT OR ADJUVANT","vocabulary: fda_saf FDA SAF ""Used for (Technical Effect)""","",""
"D fda_saf","ing_kelp","Kelp","status US_FDA","Permitted for direct addition to food, under the conditions in the regulation","21 CFR 172.365","https://www.ecfr.gov/current/title-21/section-172.365","§ 172.365 Kelp. | Kelp may be safely added to a food as a source of the essential mineral iodine, provided the maximum intake of the food as may be consumed during a period of one day, or as directed for use in the case of a dietary supplement, will not result in daily ingestion of the additive so as to provide a total amount of iodine in excess of 225 micrograms for foods labeled without reference to age or physiological state; and when age or the conditions of pregnancy or lactation are specified, in excess of 45 micrograms for infants, 105 micrograms for children under 4 years of age, 225 micrograms for adults and children 4 or more years of age, and 300 micrograms for pregnant or lactating women. The food additive kelp is the dehydrated, ground product prepared from Macrocystis pyrifera, Laminaria digitata, Laminaria saccharina, and Laminaria cloustoni.","parsed: ecfr_21_subchapter_b 21 CFR 172.365","",""
"D fda_saf","ing_spiro_2_4_dithia_1_methyl_8_oxabicyclo_3_3_0_octane_3_3_1_ox","Spiro(2,4-dithia-1-methyl-8-oxabicyclo(3.3.0)octane-3,3'-(1'-oxa-2'-methyl)cyclopentane)","what it is / why used","A flavouring substance, used in food to add or help carry flavour.","","","FLAVOR ENHANCER; FLAVORING AGENT OR ADJUVANT","vocabulary: fda_saf FDA SAF ""Used for (Technical Effect)""","",""
"D fda_saf","ing_spiro_2_4_dithia_1_methyl_8_oxabicyclo_3_3_0_octane_3_3_1_ox","Spiro(2,4-dithia-1-methyl-8-oxabicyclo(3.3.0)octane-3,3'-(1'-oxa-2'-methyl)cyclopentane)","status US_FDA","No FDA regulation; used as a flavoring under the flavor industry's own GRAS determination (FEMA GRAS)","FEMA No. 3270","","CAS Reg No (or other ID): 38325-25-6 | Substance: SPIRO(2,4-DITHIA-1-METHYL-8-OXABICYCLO(3.3.0)OCTANE-3,3'-(1'-OXA-2'-METHYL)CYCLOPENTANE) | Other Names: &diams; SPIRO(2,4-DITHIA-1-METHYL-8-OXABICYCLO(3.3.0)OCTANE-3,3'-(1'-OXA-2'-METHYL)CYCLOPENTANE)<br />&diams; HEXAHYDRO-2',3A-DIMETHYLSPIRO(1,3-DITHIOLO(4,5-B)FURAN-2,3'(2'H)-FURAN)<br />&diams; SPIRO(1,3-DITHIOLO(4,5-B)FURAN-2,3'(2'H)-FURAN), HEXAHYDRO-2',3A-DIMETHYL- | Used for (Technical Effect): FLAVOR ENHANCER,<br /> FLAVORING AGENT OR ADJUVANT | FEMA No: 3270 | GRAS Pub No: 5 | JECFA Flavor Number: 1296","parsed: fda_saf FDA SAF id 38325-25-6, FEMA No 3270","",""
"D fda_saf","ing_1_nonene","1-nonene","what it is / why used","A flavouring substance, used in food to add or help carry flavour.","","","FLAVORING AGENT OR ADJUVANT","vocabulary: fda_saf FDA SAF ""Used for (Technical Effect)""","",""
"D fda_saf","ing_1_nonene","1-nonene","status US_FDA","No FDA regulation; used as a flavoring under the flavor industry's own GRAS determination (FEMA GRAS)","FEMA No. 4651","","CAS Reg No (or other ID): 124-11-8 | Substance: 1-NONENE | Other Names: &diams; 1-NONENE<br />&diams; n-non-1-ene | Used for (Technical Effect): FLAVORING AGENT OR ADJUVANT | FEMA No: 4651 | GRAS Pub No: 24 | JECFA Flavor Number: 2195","parsed: fda_saf FDA SAF id 124-11-8, FEMA No 4651","",""
"D fda_saf","ing_arrowroot_starch","Arrowroot starch","what it is / why used","Used in food to thicken food or keep its texture stable.","","","STABILIZER OR THICKENER","vocabulary: fda_saf FDA SAF ""Used for (Technical Effect)""","",""
"D fda_saf","ing_arrowroot_starch","Arrowroot starch","status US_FDA","Listed in FDA's Substances Added to Food inventory; no FDA regulation is cited","FDA Substances Added to Food","https://hfpappexternal.fda.gov/scripts/fdcc/index.cfm?set=FoodSubstances","CAS Reg No (or other ID): 977000-09-1 | Substance: ARROWROOT STARCH | Other Names: &diams; STARCH, ARROWROOT | Used for (Technical Effect): STABILIZER OR THICKENER","parsed: fda_saf FDA SAF id 977000-09-1","",""
"D fda_saf","ing_orange_leaf_absolute","Orange leaf, absolute","what it is / why used","A flavouring substance, used in food to add or help carry flavour.","","","FLAVORING AGENT OR ADJUVANT","vocabulary: fda_saf FDA SAF ""Used for (Technical Effect)""","",""
"D fda_saf","ing_orange_leaf_absolute","Orange leaf, absolute","status US_FDA","No FDA regulation; used as a flavoring under the flavor industry's own GRAS determination (FEMA GRAS)","FEMA No. 2820","","CAS Reg No (or other ID): 977091-84-1 | Substance: ORANGE LEAF, ABSOLUTE (CITRUS AURANTIUM L.) | Other Names: &diams; ORANGE LEAF ABSOLUTE, BITTER<br />&diams; CITRUS AURANTIUM LEAF ABSOLUTE | Used for (Technical Effect): FLAVORING AGENT OR ADJUVANT | Reg add01: 182.20 | FEMA No: 2820 | GRAS Pub No: 3","parsed: fda_saf FDA SAF id 977091-84-1, FEMA No 2820","",""
"D fda_saf","ing_spikenard_extract","Spikenard extract","what it is / why used","A flavouring substance, used in food to add or help carry flavour.","","","FLAVORING AGENT OR ADJUVANT","vocabulary: fda_saf FDA SAF ""Used for (Technical Effect)""","",""
"D fda_saf","ing_spikenard_extract","Spikenard extract","status US_FDA","Listed in FDA's Substances Added to Food inventory; no FDA regulation is cited","FDA Substances Added to Food","https://hfpappexternal.fda.gov/scripts/fdcc/index.cfm?set=FoodSubstances","CAS Reg No (or other ID): 977071-52-5 | Substance: SPIKENARD EXTRACT | Other Names: &diams; ARALIA EXTRACT<br />&diams; SPIKENARD EXTRACT | Used for (Technical Effect): FLAVORING AGENT OR ADJUVANT","parsed: fda_saf FDA SAF id 977071-52-5","",""
"D fda_saf","ing_trans_2_tridecenol","Trans-2-tridecenol","what it is / why used","A flavouring substance, used in food to add or help carry flavour.","","","FLAVORING AGENT OR ADJUVANT","vocabulary: fda_saf FDA SAF ""Used for (Technical Effect)""","",""
"D fda_saf","ing_trans_2_tridecenol","Trans-2-tridecenol","status US_FDA","No FDA regulation; used as a flavoring under the flavor industry's own GRAS determination (FEMA GRAS)","FEMA No. 4617","","CAS Reg No (or other ID): 74962-98-4 | Substance: TRANS-2-TRIDECENOL | Other Names: &diams; 2-TRIDECEN-1-OL, TRANS<br />&diams; 2-tridecen-1-ol, (2E)-<br />&diams; 2-tridecen-1-ol, (E)- | Used for (Technical Effect): FLAVORING AGENT OR ADJUVANT | FEMA No: 4617 | GRAS Pub No: 24 | JECFA Flavor Number: 2166","parsed: fda_saf FDA SAF id 74962-98-4, FEMA No 4617","",""
"D fda_saf","ing_2_pentyl_3_methyl_2_cyclopenten_1_one","2-pentyl-3-methyl-2-cyclopenten-1-one","what it is / why used","A flavouring substance, used in food to add or help carry flavour.","","","FLAVORING AGENT OR ADJUVANT","vocabulary: fda_saf FDA SAF ""Used for (Technical Effect)""","",""
"D fda_saf","ing_2_pentyl_3_methyl_2_cyclopenten_1_one","2-pentyl-3-methyl-2-cyclopenten-1-one","status US_FDA","No FDA regulation; used as a flavoring under the flavor industry's own GRAS determination (FEMA GRAS)","FEMA No. 3763","","CAS Reg No (or other ID): 1128-08-1 | Substance: 2-PENTYL-3-METHYL-2-CYCLOPENTEN-1-ONE | Other Names: &diams; DIHYDROJASMONE<br />&diams; 2-PENTYL-3-METHYL-2-CYCLOPENTEN-1-ONE<br />&diams; 2-AMYL-3-METHYL-2-CYCLOPENTEN-1-ONE<br />&diams; 2-CYCLOPENTEN-1-ONE, 3-METHYL-2-PENTYL-<br />&diams; 3-METHYL-2-PENTYL-2-CYCLOPENTEN-1-ONE | Used for (Technical Effect): FLAVORING AGENT OR ADJUVANT | FEMA No: 3763 | GRAS Pub No: 15 | JECFA Flavor Number: 1406","parsed: fda_saf FDA SAF id 1128-08-1, FEMA No 3763","",""
"D fda_saf","ing_1_phenyl_3_or_5_propylpyrazole","1-phenyl-3 or 5-propylpyrazole","what it is / why used","A flavouring substance, used in food to add or help carry flavour.","","","FLAVOR ENHANCER; FLAVORING AGENT OR ADJUVANT","vocabulary: fda_saf FDA SAF ""Used for (Technical Effect)""","",""
"D fda_saf","ing_1_phenyl_3_or_5_propylpyrazole","1-phenyl-3 or 5-propylpyrazole","status US_FDA","No FDA regulation; used as a flavoring under the flavor industry's own GRAS determination (FEMA GRAS)","FEMA No. 3727","","CAS Reg No (or other ID): 65504-93-0 | Substance: 1-PHENYL-3 OR 5-PROPYLPYRAZOLE | Other Names: &diams; 1-PHENYL-3(OR 5)-PROPYLPYRAZOLE<br />&diams; 1-PHENYL-3(OR 5)-PROPYL-1,2-DIAZOLE<br />&diams; 1H-PYRAZOLE, 1-PHENYL-3(OR 5)-PROPYL-<br />&diams; 1-PHENYL-3(OR 5)-PROPYL-1H-PYRAZOLE | Used for (Technical Effect): FLAVOR ENHANCER,<br /> FLAVORING AGENT OR ADJUVANT | FEMA No: 3727 | GRAS Pub No: 13 | JECFA Flavor Number: 1568","parsed: fda_saf FDA SAF id 65504-93-0, FEMA No 3727","",""
"D fda_saf","ing_3_methylbutanethiol","3-methylbutanethiol","what it is / why used","A flavouring substance, used in food to add or help carry flavour.","","","FLAVORING AGENT OR ADJUVANT","vocabulary: fda_saf FDA SAF ""Used for (Technical Effect)""","",""
"D fda_saf","ing_3_methylbutanethiol","3-methylbutanethiol","status US_FDA","No FDA regulation; used as a flavoring under the flavor industry's own GRAS determination (FEMA GRAS)","FEMA No. 3858","","CAS Reg No (or other ID): 541-31-1 | Substance: 3-METHYLBUTANETHIOL | Other Names: &diams; 3-METHYLBUTANETHIOL<br />&diams; ISOAMYL MERCAPTAN<br />&diams; 1-BUTANETHIOL, 3-METHYL-<br />&diams; 3-METHYL-1-BUTANETHIOL<br />&diams; 3-METHYLBUTYL MERCAPTAN<br />&diams; ISOAMYL SULFHYDRATE<br />&diams; ISOPENTANETHIOL<br />&diams; ISOPENTYL MERCAPTAN<br />&diams; ISOPENTYLTHIOL | Used for (Technical Effect): FLAVORING AGENT OR ADJUVANT | FEMA No: 3858 | GRAS Pub No: 18 | JECFA Flavor Number: 513","parsed: fda_saf FDA SAF id 541-31-1, FEMA No 3858","",""
"D fda_saf","ing_allyl_isothiocyanate","Allyl isothiocyanate","what it is / why used","A flavouring substance, used in food to add or help carry flavour.","","","FLAVORING AGENT OR ADJUVANT","vocabulary: fda_saf FDA SAF ""Used for (Technical Effect)""","",""
"D fda_saf","ing_allyl_isothiocyanate","Allyl isothiocyanate","status US_FDA","Permitted for direct addition to food, under the conditions in the regulation","21 CFR 172.515","https://www.ecfr.gov/current/title-21/section-172.515","§ 172.515 Synthetic flavoring substances and adjuvants. | Allyl isothiocyanate; mustard oil.","parsed: ecfr_21_subchapter_b 21 CFR 172.515","",""
"D fda_saf","ing_allyl_isothiocyanate","Allyl isothiocyanate","threshold of concern","Acceptable Daily Intake set at 0.02 mg per kg of body weight per day (EFSA, 2010)","EFSA ANS Panel (2010). Scientific Opinion on the safety of allyl isothiocyanate for the proposed uses as a food additive. doi:10.2903/j.efsa.2010.1943","","Allyl isothiocyanate: ADI ca. 0.02 mg/kg bw/day —","parsed: efsa_openfoodtox CAS 57-06-7; 10.2903/j.efsa.2010.1943","",""
"D fda_saf","ing_allyl_isothiocyanate","Allyl isothiocyanate","typical use","No typical-use figure on file yet.","","","","","",""
"D fda_saf","ing_triethyl_citrate","Triethyl citrate","what it is / why used","Used in food to bind trace metals that would otherwise affect quality or stability, and to act as a carrier, binder, filler or similar aid to give food its intended form.","","","FLAVOR ENHANCER; FLAVORING AGENT OR ADJUVANT; FORMULATION AID; SEQUESTRANT; SOLVENT OR VEHICLE","vocabulary: fda_saf FDA SAF ""Used for (Technical Effect)""","",""
"D fda_saf","ing_triethyl_citrate","Triethyl citrate","status US_FDA","Prior-sanctioned food ingredient","21 CFR 181.27","https://www.ecfr.gov/current/title-21/section-181.27","§ 181.27 Plasticizers. | Acetyl triethyl citrate.","parsed: ecfr_21_subchapter_b 21 CFR 181.27","",""
"D fda_saf","ing_triethyl_citrate","Triethyl citrate","status EU_EFSA","Authorised food additive; permitted foods and maximum levels set in Annex II","Reg. (EC) 1333/2008, Annex II — E 1505","https://eur-lex.europa.eu/eli/reg/2008/1333/oj","Annex II Part B, list 3: E 1505 — Triethyl citrate","parsed: eu_1333_2008 Annex II Part B, E1505","",""
"D fda_saf","ing_butter_fat_enzyme_modified_with_added_butyric_acid","Butter fat, enzyme-modified, with added butyric acid","what it is / why used","Used in food to give food a particular texture or mouthfeel.","","","FLAVOR ENHANCER; FLAVORING AGENT OR ADJUVANT; TEXTURIZER","vocabulary: fda_saf FDA SAF ""Used for (Technical Effect)""","",""
"D fda_saf","ing_butter_fat_enzyme_modified_with_added_butyric_acid","Butter fat, enzyme-modified, with added butyric acid","status US_FDA","Listed in FDA's Substances Added to Food inventory; no FDA regulation is cited","FDA Substances Added to Food","https://hfpappexternal.fda.gov/scripts/fdcc/index.cfm?set=FoodSubstances","CAS Reg No (or other ID): 977093-25-6 | Substance: BUTTER FAT, ENZYME-MODIFIED, WITH ADDED BUTYRIC ACID | Other Names: &diams; MILK FAT, ENZYME-MODIFIED, BUTYRIC ACID ADDED<br />&diams; BUTTER FAT, ENZYME-MODIFIED, WITH ADDED BUTYRIC ACID<br />&diams; BUTTERFAT, ENZYME-MODIFIED, BUTYRIC ACID ADDED | Used for (Technical Effect): FLAVOR ENHANCER,<br /> FLAVORING AGENT OR ADJUVANT,<br /> TEXTURIZER","parsed: fda_saf FDA SAF id 977093-25-6","",""
"D fda_saf","ing_butter_fat_enzyme_modified_with_added_butyric_acid","Butter fat, enzyme-modified, with added butyric acid","allergen: derived from","milk","","","butter fat, enzyme-modified, with added butyric acid","vocabulary: fda_saf derived from the name","",""
"D fda_saf","ing_1_3_p_menthadien_7_al","1,3-P-menthadien-7-al","what it is / why used","A flavouring substance, used in food to add or help carry flavour.","","","FLAVORING AGENT OR ADJUVANT","vocabulary: fda_saf FDA SAF ""Used for (Technical Effect)""","",""
"D fda_saf","ing_1_3_p_menthadien_7_al","1,3-P-menthadien-7-al","status US_FDA","No FDA regulation; used as a flavoring under the flavor industry's own GRAS determination (FEMA GRAS)","FEMA No. 4506","","CAS Reg No (or other ID): 1197-15-5 | Substance: 1,3-P-MENTHADIEN-7-AL | Other Names: &diams; P-MENTHA-1,3,-DIEN-7-AL<br />&diams; 1,3-cyclohexadiene-1-carboxaldehyde, 4-(1-methylethyl)-<br />&diams; 1,3-cyclohexadiene-1-carboxaldehyde, 4-isopropyl-<br />&diams; 1,3,-p-menthadien-7-al | Used for (Technical Effect): FLAVORING AGENT OR ADJUVANT | FEMA No: 4506 | GRAS Pub No: 24 | JECFA Flavor Number: 1906","parsed: fda_saf FDA SAF id 1197-15-5, FEMA No 4506","",""
"D fda_saf","ing_alcohol_denatured_formula_23a","Alcohol, denatured formula 23a","what it is / why used","Used in food to help during processing, for example to clarify or filter.","","","PROCESSING AID","vocabulary: fda_saf FDA SAF ""Used for (Technical Effect)""","",""
"D fda_saf","ing_alcohol_denatured_formula_23a","Alcohol, denatured formula 23a","status US_FDA","Listed color additive, exempt from certification","21 CFR 73.1","https://www.ecfr.gov/current/title-21/section-73.1","§ 73.1 Diluents in color additive mixtures for food use exempt from certification. | The following substances may be safely used as diluents in color additive mixtures for food use exempt from certification, subject to the condition that each straight color in the mixture has been exempted from certification or, if not so exempted, is from a batch that has previously been certified and has not changed in composition since certification. If a specification for a particular diluent is not set forth in this part 73, the material shall be of a purity consistent with its intended use.","parsed: ecfr_21_subchapter_b 21 CFR 73.1","",""
"D fda_saf","ing_mate_absolute_ilex_paraguariensis_st_hil","Mate, absolute (ilex paraguariensis st. hil.)","what it is / why used","A flavouring substance, used in food to add or help carry flavour.","","","FLAVORING AGENT OR ADJUVANT","vocabulary: fda_saf FDA SAF ""Used for (Technical Effect)""","",""
"D fda_saf","ing_mate_absolute_ilex_paraguariensis_st_hil","Mate, absolute (ilex paraguariensis st. hil.)","status US_FDA","Listed in FDA's Substances Added to Food inventory; no FDA regulation is cited","FDA Substances Added to Food","https://hfpappexternal.fda.gov/scripts/fdcc/index.cfm?set=FoodSubstances","CAS Reg No (or other ID): 977146-67-0 | Substance: MATE, ABSOLUTE (ILEX PARAGUARIENSIS ST. HIL.) | Other Names: &diams; MATE ABSOLUTE | Used for (Technical Effect): FLAVORING AGENT OR ADJUVANT | Reg add01: 182.20","parsed: fda_saf FDA SAF id 977146-67-0","",""
"D fda_saf","ing_cocoa_butter_substitute_primarily_from_high_oleic_safflower_","Cocoa butter substitute primarily from high-oleic safflower or sunflower oil","what it is / why used","Used in food to glaze, polish or protect the surface of food.","","","SURFACE-FINISHING AGENT","vocabulary: fda_saf FDA SAF ""Used for (Technical Effect)""","",""
"D fda_saf","ing_cocoa_butter_substitute_primarily_from_high_oleic_safflower_","Cocoa butter substitute primarily from high-oleic safflower or sunflower oil","status US_FDA","Affirmed by FDA as generally recognized as safe (GRAS)","21 CFR 184.1259","https://www.ecfr.gov/current/title-21/section-184.1259","§ 184.1259 Cocoa butter substitute. | (a) The common or usual name for the triglyceride 1-palmitoyl-2-oleoyl-3-stearin is “cocoa butter substitute primarily from palm oil.” The common or usual name for the triglyceride 1-3-distearoyl-2-olein is “cocoa butter substitute primarily from high-oleic safflower or sunflower oil.”","parsed: ecfr_21_subchapter_b 21 CFR 184.1259","",""
"D fda_saf","ing_sulfiting_agents","Sulfiting agents","what it is / why used","Used in food to slow the changes oxygen causes, such as fats turning rancid or cut surfaces browning.","","","ANTIOXIDANT","vocabulary: fda_saf FDA SAF ""Used for (Technical Effect)""","",""
"D fda_saf","ing_sulfiting_agents","Sulfiting agents","status US_FDA","Named in an FDA standard of identity or labeling regulation","21 CFR 130.9","https://www.ecfr.gov/current/title-21/section-130.9","§ 130.9 Sulfites in standardized food. | (a) Any standardized food that contains a sulfiting agent or combination of sulfiting agents that is functional and provided for in the applicable standard or that is present in the finished food at a detectable concentration is misbranded unless the presence of the sulfiting agent or agents is declared on the label of the food. A detectable amount of sulfiting agent is 10 parts per million (ppm or mg/kg) or more of the sulfite in the finished food. The concentration of sulfite in the finished food will be determined using either:","parsed: ecfr_21_subchapter_b 21 CFR 130.9","",""
"D fda_saf","ing_sulfiting_agents","Sulfiting agents","allergen: derived from","sulfites","","","sulfiting agents | sulfites","vocabulary: fda_saf derived from the name","",""
"D fda_saf","ing_3_mercaptohexanol","3-mercaptohexanol","what it is / why used","A flavouring substance, used in food to add or help carry flavour.","","","FLAVORING AGENT OR ADJUVANT","vocabulary: fda_saf FDA SAF ""Used for (Technical Effect)""","",""
"D fda_saf","ing_3_mercaptohexanol","3-mercaptohexanol","status US_FDA","No FDA regulation; used as a flavoring under the flavor industry's own GRAS determination (FEMA GRAS)","FEMA No. 3850","","CAS Reg No (or other ID): 51755-83-0 | Substance: 3-MERCAPTOHEXANOL | Other Names: &diams; 3-MERCAPTOHEXANOL<br />&diams; 1-HEXANOL, 3-MERCAPTO-<br />&diams; 3-MERCAPTO-1-HEXANOL<br />&diams; 3-THIOHEXANOL<br />&diams; 3-THIOHEXAN-1-OL | Used for (Technical Effect): FLAVORING AGENT OR ADJUVANT | FEMA No: 3850 | GRAS Pub No: 18 | JECFA Flavor Number: 545","parsed: fda_saf FDA SAF id 51755-83-0, FEMA No 3850","",""
"D fda_saf","ing_2_6_dimethyloctanal","2,6-dimethyloctanal","what it is / why used","A flavouring substance, used in food to add or help carry flavour.","","","FLAVORING AGENT OR ADJUVANT","vocabulary: fda_saf FDA SAF ""Used for (Technical Effect)""","",""
"D fda_saf","ing_2_6_dimethyloctanal","2,6-dimethyloctanal","status US_FDA","Permitted for direct addition to food, under the conditions in the regulation","21 CFR 172.515","https://www.ecfr.gov/current/title-21/section-172.515","§ 172.515 Synthetic flavoring substances and adjuvants. | 2,6-Dimethyl octanal; isodecylaldehyde.","parsed: ecfr_21_subchapter_b 21 CFR 172.515","",""
"D fda_saf","ing_dittany_of_crete","Dittany of crete","what it is / why used","A flavouring substance, used in food to add or help carry flavour.","","","FLAVORING AGENT OR ADJUVANT","vocabulary: fda_saf FDA SAF ""Used for (Technical Effect)""","",""
"D fda_saf","ing_dittany_of_crete","Dittany of crete","status US_FDA","Permitted for direct addition to food, under the conditions in the regulation","21 CFR 172.510","https://www.ecfr.gov/current/title-21/section-172.510","§ 172.510 Natural flavoring substances and natural substances used in conjunction with flavors. | Natural flavoring substances and natural adjuvants may be safely used in food in accordance with the following conditions.","parsed: ecfr_21_subchapter_b 21 CFR 172.510","",""
"D fda_saf","ing_2_isobutyl_4_5_dimethyloxazole","2-isobutyl-4,5-dimethyloxazole","what it is / why used","A flavouring substance, used in food to add or help carry flavour.","","","FLAVORING AGENT OR ADJUVANT","vocabulary: fda_saf FDA SAF ""Used for (Technical Effect)""","",""
"D fda_saf","ing_2_isobutyl_4_5_dimethyloxazole","2-isobutyl-4,5-dimethyloxazole","status US_FDA","No FDA regulation; used as a flavoring under the flavor industry's own GRAS determination (FEMA GRAS)","FEMA No. 4397","","CAS Reg No (or other ID): 26131-91-9 | Substance: 2-ISOBUTYL-4,5-DIMETHYLOXAZOLE | Other Names: &diams; 2-ISOBUTYL-4,5-DIMETHYLOXAZOLE<br />&diams; oxazole, 4,5-dimethyl-2-(2-methylpropyl)-<br />&diams; 4,5-dimethyl-2-(2-methylpropyl)oxazole<br />&diams; oxazole, 2-isobutyl-4,5-dimethyl-<br />&diams; InChI=1S/C9H15NO/c1-6(2)5-9-10-7(3)8(4)11-9/h6H,5H2,1-4H3<br />&diams; InChIKey: SNRVAFQIIFPYDR-UHFFFAOYSA-N | Used for (Technical Effect): FLAVORING AGENT OR ADJUVANT | FEMA No: 4397 | GRAS Pub No: 23 | JECFA Flavor Number: 1556","parsed: fda_saf FDA SAF id 26131-91-9, FEMA No 4397","",""
"D fda_saf","ing_methyl_acrylate_dvb_deg_divinyl_ether_aminolyzed_terpolymer","Methyl acrylate-dvb-(deg-divinyl ether), aminolyzed, terpolymer","what it is / why used","Used in food to help during processing, for example to clarify or filter.","","","PROCESSING AID","vocabulary: fda_saf FDA SAF ""Used for (Technical Effect)""","",""
"D fda_saf","ing_methyl_acrylate_dvb_deg_divinyl_ether_aminolyzed_terpolymer","Methyl acrylate-dvb-(deg-divinyl ether), aminolyzed, terpolymer","status US_FDA","Permitted as a secondary direct food additive, under the conditions in the regulation","21 CFR 173.25","https://www.ecfr.gov/current/title-21/section-173.25","§ 173.25 Ion-exchange resins. | Ion-exchange resins may be safely used in the treatment of food under the following prescribed conditions:","parsed: ecfr_21_subchapter_b 21 CFR 173.25","",""
"D fda_saf","ing_fd_c_yellow_no_6_calcium_lake","FD&C Yellow No. 6, calcium lake","what it is / why used","Used in food to add, keep or enhance colour.","","","COLOR OR COLORING ADJUNCT","vocabulary: fda_saf FDA SAF ""Used for (Technical Effect)""","",""
"D fda_saf","ing_fd_c_yellow_no_6_calcium_lake","FD&C Yellow No. 6, calcium lake","status US_FDA","Listed in FDA's Substances Added to Food inventory; no FDA regulation is cited","FDA Substances Added to Food","https://hfpappexternal.fda.gov/scripts/fdcc/index.cfm?set=FoodSubstances","CAS Reg No (or other ID): 977083-04-7 | Substance: FD&C YELLOW NO. 6, CALCIUM LAKE | Other Names: &diams; FD&C YELLOW NO. 6-CALCIUM LAKE<br />&diams; SUNSET YELLOW FCF-CALCIUM LAKE | Used for (Technical Effect): COLOR OR COLORING ADJUNCT | Reg col01: 82.706 | Reg add01: 176.180","parsed: fda_saf FDA SAF id 977083-04-7","",""
"D fda_saf","ing_4_p_methoxyphenyl_2_butanone","4-(P-methoxyphenyl)-2-butanone","what it is / why used","A flavouring substance, used in food to add or help carry flavour.","","","FLAVORING AGENT OR ADJUVANT","vocabulary: fda_saf FDA SAF ""Used for (Technical Effect)""","",""
"D fda_saf","ing_4_p_methoxyphenyl_2_butanone","4-(P-methoxyphenyl)-2-butanone","status US_FDA","No FDA regulation; used as a flavoring under the flavor industry's own GRAS determination (FEMA GRAS)","FEMA No. 2672","","CAS Reg No (or other ID): 104-20-1 | Substance: 4-(P-METHOXYPHENYL)-2-BUTANONE | Other Names: &diams; ANISYLACETONE<br />&diams; 4-METHOXYBENZYLACETONE<br />&diams; 4-(P-METHOXYPHENYL)-2-BUTANONE<br />&diams; METHOXYBENZYLACETONE, P-<br />&diams; RASPBERRY KETONE METHYL ETHER<br />&diams; METHYL OXANONE<br />&diams; 2-BUTANONE, 4-(4-METHOXYPHENYL)-<br />&diams; 4-(4-METHOXYPHENYL)-2-BUTANONE<br />&diams; 2-BUTANONE, 4-(P-METHOXYPHENYL)-<br />&diams; ANISYLACETONE, P- | Used for (Technical Effect): FLAVORING AGENT OR ADJUVANT | Reg add01: 172.515 | FEMA No: 2672 | GRAS Pub No: 3 | Most Recent GRAS Pub Update: 25 | JECFA Flavor Number: 818","parsed: fda_saf FDA SAF id 104-20-1, FEMA No 2672","",""
"D fda_saf","ing_2_4_nonadienal","2,4-nonadienal","what it is / why used","A flavouring substance, used in food to add or help carry flavour.","","","FLAVORING AGENT OR ADJUVANT","vocabulary: fda_saf FDA SAF ""Used for (Technical Effect)""","",""
"D fda_saf","ing_2_4_nonadienal","2,4-nonadienal","status US_FDA","No FDA regulation; used as a flavoring under the flavor industry's own GRAS determination (FEMA GRAS)","FEMA No. 3212","","CAS Reg No (or other ID): 6750-03-4 | Substance: 2,4-NONADIENAL | Other Names: &diams; 2,4-NONADIENAL | Used for (Technical Effect): FLAVORING AGENT OR ADJUVANT | FEMA No: 3212 | GRAS Pub No: 4 | Most Recent GRAS Pub Update: 25 | JECFA Flavor Number: 1185","parsed: fda_saf FDA SAF id 6750-03-4, FEMA No 3212","",""
"D fda_saf","ing_insoluble_glucose_isomerase_enzyme_preparations","Insoluble glucose isomerase enzyme preparations","what it is / why used","Used in food to speed up a specific reaction during processing.","","","§ 184.1372 Insoluble glucose isomerase enzyme preparations. | (a) Insoluble glucose isomerase enzyme preparations are used in the production of high fructose corn syrup described in § 184.1866. They are derived from recognized species of precisely classified nonpathogenic and nontoxicogenic microorganisms, including Streptomyces rubiginosus, Actinoplanes missouriensis, Streptomyces olivaceus, Streptomyces olivochromogenes, and Bacillus coagulans, that have been grown in a pure culture fermentation that produces no antibiotics. They are fixed (rendered insoluble) for batch production with GRAS ingredients or may be fixed for further immobilization with either GRAS ingredients or materials approved under § 173.357 of this chapter.","vocabulary: ecfr_21_subchapter_b 21 CFR 184.1372 (170.3(o) references)","",""
"D fda_saf","ing_insoluble_glucose_isomerase_enzyme_preparations","Insoluble glucose isomerase enzyme preparations","status US_FDA","Affirmed by FDA as generally recognized as safe (GRAS), with no limit other than good manufacturing practice","21 CFR 184.1372","https://www.ecfr.gov/current/title-21/section-184.1372","§ 184.1372 Insoluble glucose isomerase enzyme preparations. | (a) Insoluble glucose isomerase enzyme preparations are used in the production of high fructose corn syrup described in § 184.1866. They are derived from recognized species of precisely classified nonpathogenic and nontoxicogenic microorganisms, including Streptomyces rubiginosus, Actinoplanes missouriensis, Streptomyces olivaceus, Streptomyces olivochromogenes, and Bacillus coagulans, that have been grown in a pure culture fermentation that produces no antibiotics. They are fixed (rendered insoluble) for batch production with GRAS ingredients or may be fixed for further immobilization with either GRAS ingredients or materials approved under § 173.357 of this chapter.","parsed: ecfr_21_subchapter_b 21 CFR 184.1372","",""
"D eu","ing_extracts_of_rosemary","Extracts of rosemary","what it is / why used","Authorised in the EU as a food additive.","","","Annex II Part B, list 3: E 392 — Extracts of rosemary","vocabulary: eu_1333_2008 Annex II Part B list 3","",""
"D eu","ing_extracts_of_rosemary","Extracts of rosemary","status EU_EFSA","Authorised food additive; permitted foods and maximum levels set in Annex II","Reg. (EC) 1333/2008, Annex II — E 392","https://eur-lex.europa.eu/eli/reg/2008/1333/oj","Annex II Part B, list 3: E 392 — Extracts of rosemary","parsed: eu_1333_2008 Annex II Part B, E392","",""
"D eu","ing_extracts_of_rosemary","Extracts of rosemary","status HK_CFS","Permitted preservative or antioxidant; maximum levels set by food category","Cap. 132BD, Schedule 1","https://www.elegislation.gov.hk/hk/cap132BD!en","Cap. 132BD Schedule 1: 392 Rosemary extract","parsed: hk_legislation Cap. 132BD, INS 392","",""
"D eu","ing_monostarch_phosphate","Monostarch phosphate","what it is / why used","Authorised in the EU as a food additive.","","","Annex II Part B, list 3: E 1410 — Monostarch phosphate","vocabulary: eu_1333_2008 Annex II Part B list 3","",""
"D eu","ing_monostarch_phosphate","Monostarch phosphate","status EU_EFSA","Authorised food additive; permitted foods and maximum levels set in Annex II","Reg. (EC) 1333/2008, Annex II — E 1410","https://eur-lex.europa.eu/eli/reg/2008/1333/oj","Annex II Part B, list 3: E 1410 — Monostarch phosphate","parsed: eu_1333_2008 Annex II Part B, E1410","",""
"D eu","ing_tartaric_acid_esters_of_mono_and_diglycerides_of_fatty_acids","Tartaric acid esters of mono- and diglycerides of fatty acids","what it is / why used","Authorised in the EU as a food additive.","","","Annex II Part B, list 3: E 472d — Tartaric acid esters of mono- and diglycerides of fatty acids","vocabulary: eu_1333_2008 Annex II Part B list 3","",""
"D eu","ing_tartaric_acid_esters_of_mono_and_diglycerides_of_fatty_acids","Tartaric acid esters of mono- and diglycerides of fatty acids","status EU_EFSA","Authorised food additive; permitted foods and maximum levels set in Annex II","Reg. (EC) 1333/2008, Annex II — E 472d","https://eur-lex.europa.eu/eli/reg/2008/1333/oj","Annex II Part B, list 3: E 472d — Tartaric acid esters of mono- and diglycerides of fatty acids","parsed: eu_1333_2008 Annex II Part B, E472d","",""
"D eu","ing_glyceryl_diacetate_diacetin","Glyceryl diacetate (diacetin)","what it is / why used","Authorised in the EU as a food additive.","","","Annex II Part B, list 3: E 1517 — Glyceryl diacetate (diacetin)","vocabulary: eu_1333_2008 Annex II Part B list 3","",""
"D eu","ing_glyceryl_diacetate_diacetin","Glyceryl diacetate (diacetin)","status EU_EFSA","Authorised food additive; permitted foods and maximum levels set in Annex II","Reg. (EC) 1333/2008, Annex II — E 1517","https://eur-lex.europa.eu/eli/reg/2008/1333/oj","Annex II Part B, list 3: E 1517 — Glyceryl diacetate (diacetin)","parsed: eu_1333_2008 Annex II Part B, E1517","",""
"D eu","ing_glycine_and_its_sodium_salt","Glycine and its sodium salt","what it is / why used","Authorised in the EU as a food additive.","","","Annex II Part B, list 3: E 640 — Glycine and its sodium salt","vocabulary: eu_1333_2008 Annex II Part B list 3","",""
"D eu","ing_glycine_and_its_sodium_salt","Glycine and its sodium salt","status EU_EFSA","Authorised food additive; permitted foods and maximum levels set in Annex II","Reg. (EC) 1333/2008, Annex II — E 640","https://eur-lex.europa.eu/eli/reg/2008/1333/oj","Annex II Part B, list 3: E 640 — Glycine and its sodium salt","parsed: eu_1333_2008 Annex II Part B, E640","",""
"D eu","ing_ethyl_p_hydroxybenzoate","Ethyl-p-hydroxybenzoate","what it is / why used","Authorised in the EU as a food additive.","","","Annex II Part B, list 3: E 214 — Ethyl-p-hydroxybenzoate","vocabulary: eu_1333_2008 Annex II Part B list 3","",""
"D eu","ing_ethyl_p_hydroxybenzoate","Ethyl-p-hydroxybenzoate","status EU_EFSA","Authorised food additive; permitted foods and maximum levels set in Annex II","Reg. (EC) 1333/2008, Annex II — E 214","https://eur-lex.europa.eu/eli/reg/2008/1333/oj","Annex II Part B, list 3: E 214 — Ethyl-p-hydroxybenzoate","parsed: eu_1333_2008 Annex II Part B, E214","",""
"D eu","ing_ethyl_p_hydroxybenzoate","Ethyl-p-hydroxybenzoate","status HK_CFS","Permitted preservative or antioxidant; maximum levels set by food category","Cap. 132BD, Schedule 1","https://www.elegislation.gov.hk/hk/cap132BD!en","Cap. 132BD Schedule 1A, Hydroxybenzoates, para- (214, 215, 218 & 219): Ethyl para-hydroxybenzoate (214)","parsed: hk_legislation Cap. 132BD, INS 214","",""
"D eu","ing_sodium_ferrocyanide","Sodium ferrocyanide","what it is / why used","Authorised in the EU as a food additive.","","","Annex II Part B, list 3: E 535 — Sodium ferrocyanide","vocabulary: eu_1333_2008 Annex II Part B list 3","",""
"D eu","ing_sodium_ferrocyanide","Sodium ferrocyanide","status EU_EFSA","Authorised food additive; permitted foods and maximum levels set in Annex II","Reg. (EC) 1333/2008, Annex II — E 535","https://eur-lex.europa.eu/eli/reg/2008/1333/oj","Annex II Part B, list 3: E 535 — Sodium ferrocyanide","parsed: eu_1333_2008 Annex II Part B, E535","",""
"D eu","ing_buffered_vinegar","Buffered vinegar","what it is / why used","Authorised in the EU as a food additive.","","","Annex II Part B, list 3: E 267 — Buffered vinegar","vocabulary: eu_1333_2008 Annex II Part B list 3","",""
"D eu","ing_buffered_vinegar","Buffered vinegar","status EU_EFSA","Authorised food additive; permitted foods and maximum levels set in Annex II","Reg. (EC) 1333/2008, Annex II — E 267","https://eur-lex.europa.eu/eli/reg/2008/1333/oj","Annex II Part B, list 3: E 267 — Buffered vinegar","parsed: eu_1333_2008 Annex II Part B, E267","",""
"D fda_color","ing_beet_juice_fda_color","Beet Juice","what it is / why used","Used in food to add, keep or enhance colour.","","","Color: Beet Juice | See also: Vegetable Juice | Status: Permanently listed (as vegetable juice), exempt from certification | Use: Foods | RESTRICTIONS: Foods generally. | End Notes Detail: none | RegnumCA1: 73.260 | Citation 1a: 25 FR 9759 | Date FR 1a inc estimates: 10/12/1960 | Action 1a: Provisional Regulation (beet juice) | Limitations 1: Provisional food use. | Citation 2a: 30 FR 6735 | Date FR 2a: 05/18/1965 | Action 2a: Notice of proposal to list | Citation 2b: 31 FR 1063 | Date FR 2b: 01/27/1966 | Action 2b: Final Rule (vegetable juice) | Citation 2c: 31 FR 4396 | Date FR 2c: 03/15/1966 | Action 2c: Final Rule; confirmation of effective date. | Limitations 2: Foods generally GMP. Also see vegetable juice. | Citation 3a: 31 FR 9105 | Date FR 3a: 07/02/1966 | Action 3a: Delisting (beet juice) | Limitations 3: Removed from provisional listing. | Citation 4a: 60 FR 52628 | Date FR 4a: 10/10/1995 | Action 4a: Final Rule; dried vegetable juice; water infusion of dried vegetable | Citation 4b: 61 FR 7990 | Date FR 4b: 03/01/1996 | Action 4b: Final Rule; confirmation of effective date | Limitations 4: Foods generally GMP.","vocabulary: fda_color_additives Beet Juice","",""
"D fda_color","ing_beet_juice_fda_color","Beet Juice","status US_FDA","Permanently listed (as vegetable juice), exempt from certification","FDA Color Additive Status List","https://hfpappexternal.fda.gov/scripts/fdcc/index.cfm?set=ColorAdditives","Color: Beet Juice | See also: Vegetable Juice | Status: Permanently listed (as vegetable juice), exempt from certification | Use: Foods | RESTRICTIONS: Foods generally. | End Notes Detail: none | RegnumCA1: 73.260 | Citation 1a: 25 FR 9759 | Date FR 1a inc estimates: 10/12/1960 | Action 1a: Provisional Regulation (beet juice) | Limitations 1: Provisional food use. | Citation 2a: 30 FR 6735 | Date FR 2a: 05/18/1965 | Action 2a: Notice of proposal to list | Citation 2b: 31 FR 1063 | Date FR 2b: 01/27/1966 | Action 2b: Final Rule (vegetable juice) | Citation 2c: 31 FR 4396 | Date FR 2c: 03/15/1966 | Action 2c: Final Rule; confirmation of effective date. | Limitations 2: Foods generally GMP. Also see vegetable juice. | Citation 3a: 31 FR 9105 | Date FR 3a: 07/02/1966 | Action 3a: Delisting (beet juice) | Limitations 3: Removed from provisional listing. | Citation 4a: 60 FR 52628 | Date FR 4a: 10/10/1995 | Action 4a: Final Rule; dried vegetable juice; water infusion of dried vegetable | Citation 4b: 61 FR 7990 | Date FR 4b: 03/01/1996 | Action 4b: Final Rule; confirmation of effective date | Limitations 4: Foods generally GMP.","parsed: fda_color_additives Color Additive Status List: Beet Juice","",""
"D fda_color","ing_jagua_genipin_glycine_blue","Jagua (genipin-glycine) blue","what it is / why used","Used in food to add, keep or enhance colour.","","","Color: Jagua (genipin-glycine) blue | Status: Permanently listed, exempt from certification | Use: Foods | RESTRICTIONS: Foods generally. | End Notes Detail: none | RegnumCA1: 73.225 | Citation 1a: 85 FR 74304 | Date FR 1a inc estimates: 11/20/2020 | Action 1a: Notification of petition | Citation 1b: 88 FR 75490 | Date FR 1b: 11/03/2023 | Action 1b: Final Rule | Citation 1c: 89 FR 4196 | Date FR 1c: 01/23/2024 | Action 1c: Final Rule; confirmation of effective date | Limitations 1: Foods generally GMP.","vocabulary: fda_color_additives Jagua (genipin-glycine) blue","",""
"D fda_color","ing_jagua_genipin_glycine_blue","Jagua (genipin-glycine) blue","status US_FDA","Permanently listed, exempt from certification","21 CFR 73.225","https://www.ecfr.gov/current/title-21/section-73.225","Color: Jagua (genipin-glycine) blue | Status: Permanently listed, exempt from certification | Use: Foods | RESTRICTIONS: Foods generally. | End Notes Detail: none | RegnumCA1: 73.225 | Citation 1a: 85 FR 74304 | Date FR 1a inc estimates: 11/20/2020 | Action 1a: Notification of petition | Citation 1b: 88 FR 75490 | Date FR 1b: 11/03/2023 | Action 1b: Final Rule | Citation 1c: 89 FR 4196 | Date FR 1c: 01/23/2024 | Action 1c: Final Rule; confirmation of effective date | Limitations 1: Foods generally GMP.","parsed: fda_color_additives Color Additive Status List: Jagua (genipin-glycine) blue; 21 CFR 73.225","",""
"D fda_color","ing_mica_based_pearlescent_pigments","Mica-Based Pearlescent Pigments","what it is / why used","Used in food to add, keep or enhance colour.","","","Color: Mica-Based Pearlescent Pigments | Status: Permanently listed, exempt from certification | Use: Foods, Drugs, Devices | RESTRICTIONS: Cereals, confections and frostings, gelatin desserts, hard and soft candies (including lozenges), nutritional supplement tablets and gelatin capsules, and chewing gum. Distilled spirits containing not less than 18% and not more than 23% alcohol by volume but not including distilled spirits mixtures containing more than 5% wine on a proof gallon basis. Ingested drugs NTE 3%. Iron NTE 55 wt%. Contact lenses. | END NOTES: 3 | RegnumCA1: 73.350 | RegnumCA2: 73.3128 | Citation 1a: 65 FR 36148 | Date FR 1a inc estimates: 06/07/2000 | Action 1a: Notice of Filing | Citation 1b: 67 FR 65311 | Date FR 1b: 10/24/2002 | Action 1b: Final Rule | Citation 1c: 68 FR 7416 | Date FR 1c: 02/14/2003 | Action 1c: Final Rule; confirmation of effective date | Limitations 1: For contact lenses. | Citation 2a: 63 FR 33934 | Date FR 2a: 06/22/1998 | Action 2a: Notice | Citation 2b: 70 FR 42271 | Date FR 2b: 07/22/2005 | Action 2b: Final Rule | Citation 2c: 71 FR 41125 | Date FR 2c: 07/20/2006 | Action 2c: Final Rule; response to objections; removal of stay | Limitations 2: Mica based pearlsecent pigments prepared from synthetic iron oxide, mica and titanium dioxide for ingested drugs in amounts up to 3% by weight of final product. | Citation 3a: 63 FR 51359 | Date FR 3a: 09/25/1998 | Action 3a: Notice | Citation 3b: 71 FR 31927 | Date FR 3b: 06/02/2006 | Action 3b","vocabulary: fda_color_additives Mica-Based Pearlescent Pigments","",""
"D fda_color","ing_mica_based_pearlescent_pigments","Mica-Based Pearlescent Pigments","status US_FDA","Permanently listed, exempt from certification","21 CFR 73.350","https://www.ecfr.gov/current/title-21/section-73.350","Color: Mica-Based Pearlescent Pigments | Status: Permanently listed, exempt from certification | Use: Foods, Drugs, Devices | RESTRICTIONS: Cereals, confections and frostings, gelatin desserts, hard and soft candies (including lozenges), nutritional supplement tablets and gelatin capsules, and chewing gum. Distilled spirits containing not less than 18% and not more than 23% alcohol by volume but not including distilled spirits mixtures containing more than 5% wine on a proof gallon basis. Ingested drugs NTE 3%. Iron NTE 55 wt%. Contact lenses. | END NOTES: 3 | RegnumCA1: 73.350 | RegnumCA2: 73.3128 | Citation 1a: 65 FR 36148 | Date FR 1a inc estimates: 06/07/2000 | Action 1a: Notice of Filing | Citation 1b: 67 FR 65311 | Date FR 1b: 10/24/2002 | Action 1b: Final Rule | Citation 1c: 68 FR 7416 | Date FR 1c: 02/14/2003 | Action 1c: Final Rule; confirmation of effective date | Limitations 1: For contact lenses. | Citation 2a: 63 FR 33934 | Date FR 2a: 06/22/1998 | Action 2a: Notice | Citation 2b: 70 FR 42271 | Date FR 2b: 07/22/2005 | Action 2b: Final Rule | Citation 2c: 71 FR 41125 | Date FR 2c: 07/20/2006 | Action 2c: Final Rule; response to objections; removal of stay | Limitations 2: Mica based pearlsecent pigments prepared from synthetic iron oxide, mica and titanium dioxide for ingested drugs in amounts up to 3% by weight of final product. | Citation 3a: 63 FR 51359 | Date FR 3a: 09/25/1998 | Action 3a: Notice | Citation 3b: 71 FR 31927 | Date FR 3b: 06/02/2006 | Action 3b","parsed: fda_color_additives Color Additive Status List: Mica-Based Pearlescent Pigments; 21 CFR 73.350","",""
"D fda_color","ing_antarctic_krill_meal","Antarctic krill meal","what it is / why used","Used in food to add, keep or enhance colour.","","","Color: Antarctic krill meal | Status: Permanently listed, exempt from certification | Use: Foods | RESTRICTIONS: Salmonid feed. NTE 4% by weight in freshwater salmonid feed and 12% by weight in marine salmonid feed. The quantity of astaxanthin in the finished feed, from Antarctic krill meal when used alone or in combination with other astaxanthin color additive sources listed in this part, must not exceed 80 mg/kg astaxanthin (72 grams/ton) in the finished feed. | END NOTES: 1 | RegnumCA1: 73.32 | Citation 1a: 83 FR 15089 | Date FR 1a inc estimates: 04/09/2018 | Action 1a: Notification of petition | Citation 1b: 87 FR 27931 | Date FR 1b: 05/10/2022 | Action 1b: Final Rule | Citation 1c: 87 FR 54615 | Date FR 1c: 09/07/2022 | Action 1c: Final Rule; confirmation of effective date | Limitations 1: Salmonid feed. NTE 4% by weight in freshwater salmonid feed and 12% by weight in marine salmonid feed. Total astaxanthin limited in finished feed.","vocabulary: fda_color_additives Antarctic krill meal","",""
"D fda_color","ing_antarctic_krill_meal","Antarctic krill meal","status US_FDA","Permanently listed, exempt from certification","21 CFR 73.32","https://www.ecfr.gov/current/title-21/section-73.32","Color: Antarctic krill meal | Status: Permanently listed, exempt from certification | Use: Foods | RESTRICTIONS: Salmonid feed. NTE 4% by weight in freshwater salmonid feed and 12% by weight in marine salmonid feed. The quantity of astaxanthin in the finished feed, from Antarctic krill meal when used alone or in combination with other astaxanthin color additive sources listed in this part, must not exceed 80 mg/kg astaxanthin (72 grams/ton) in the finished feed. | END NOTES: 1 | RegnumCA1: 73.32 | Citation 1a: 83 FR 15089 | Date FR 1a inc estimates: 04/09/2018 | Action 1a: Notification of petition | Citation 1b: 87 FR 27931 | Date FR 1b: 05/10/2022 | Action 1b: Final Rule | Citation 1c: 87 FR 54615 | Date FR 1c: 09/07/2022 | Action 1c: Final Rule; confirmation of effective date | Limitations 1: Salmonid feed. NTE 4% by weight in freshwater salmonid feed and 12% by weight in marine salmonid feed. Total astaxanthin limited in finished feed.","parsed: fda_color_additives Color Additive Status List: Antarctic krill meal; 21 CFR 73.32","",""
"D fda_color","ing_antarctic_krill_meal","Antarctic krill meal","allergen: derived from","crustacean_shellfish","","","antarctic krill meal","vocabulary: fda_color derived from the name","",""
"D fda_color","ing_galdieria_extract_blue","Galdieria Extract Blue","what it is / why used","Used in food to add, keep or enhance colour.","","","Color: Galdieria Extract Blue | Status: Permanently listed, exempt from certification | Use: Foods | RESTRICTIONS: Non-alcoholic beverages and beverage bases, fruit drinks, fruit smoothies, fruit juices, vegetable juices, dairy-based smoothies, milk shakes and flavored milks, yogurt drinks, milk-based meal replacement and nutritional beverages, breakfast cereal coatings, hard candy, soft candy and chewing gum, flavored frostings, ice cream and frozen dairy desserts, frozen fruits, water ices and popsicles, gelatin desserts, puddings and custards, whipped cream, yogurt, frozen or liquid creamers (including non-dairy alternatives), and whipped toppings (including non-dairy alternatives). | End Notes Detail: none | Other names: ♦ Galdieria sulphuraria extract, phycocyanin-rich | RegnumCA1: 73.167 | Citation 1a: 86 FR 50495 | Date FR 1a inc estimates: 09/09/2021 | Action 1a: Notification of petition. | Citation 1b: 90 FR 20104 | Date FR 1b: 05/12/2025 | Action 1b: Final amendment; order. | Citation 1c: 90 FR 40703 | Date FR 1c: 08/21/2025 | Action 1c: Final amendment; order; confirmation of effective date. | Limitations 1: Non-alcoholic beverages and beverage bases, fruit drinks, fruit smoothies, fruit juices, vegetable juices, dairy-based smoothies, milk shakes and flavored milks, yogurt drinks, milk-based meal replacement and nutritional beverages, breakfast cereal coatings, hard candy, soft candy and chewing gum, flavored frostings, ice cream and frozen dairy desserts, frozen","vocabulary: fda_color_additives Galdieria Extract Blue","",""
"D fda_color","ing_galdieria_extract_blue","Galdieria Extract Blue","status US_FDA","Permanently listed, exempt from certification","21 CFR 73.167","https://www.ecfr.gov/current/title-21/section-73.167","Color: Galdieria Extract Blue | Status: Permanently listed, exempt from certification | Use: Foods | RESTRICTIONS: Non-alcoholic beverages and beverage bases, fruit drinks, fruit smoothies, fruit juices, vegetable juices, dairy-based smoothies, milk shakes and flavored milks, yogurt drinks, milk-based meal replacement and nutritional beverages, breakfast cereal coatings, hard candy, soft candy and chewing gum, flavored frostings, ice cream and frozen dairy desserts, frozen fruits, water ices and popsicles, gelatin desserts, puddings and custards, whipped cream, yogurt, frozen or liquid creamers (including non-dairy alternatives), and whipped toppings (including non-dairy alternatives). | End Notes Detail: none | Other names: ♦ Galdieria sulphuraria extract, phycocyanin-rich | RegnumCA1: 73.167 | Citation 1a: 86 FR 50495 | Date FR 1a inc estimates: 09/09/2021 | Action 1a: Notification of petition. | Citation 1b: 90 FR 20104 | Date FR 1b: 05/12/2025 | Action 1b: Final amendment; order. | Citation 1c: 90 FR 40703 | Date FR 1c: 08/21/2025 | Action 1c: Final amendment; order; confirmation of effective date. | Limitations 1: Non-alcoholic beverages and beverage bases, fruit drinks, fruit smoothies, fruit juices, vegetable juices, dairy-based smoothies, milk shakes and flavored milks, yogurt drinks, milk-based meal replacement and nutritional beverages, breakfast cereal coatings, hard candy, soft candy and chewing gum, flavored frostings, ice cream and frozen dairy desserts, frozen","parsed: fda_color_additives Color Additive Status List: Galdieria Extract Blue; 21 CFR 73.167","",""
"D fda_color","ing_astaxanthin_dimethyldisuccinate","Astaxanthin Dimethyldisuccinate","what it is / why used","Used in food to add, keep or enhance colour.","","","CAS Reg No or other ID code: 578006-46-9 | Color: Astaxanthin Dimethyldisuccinate | Status: Permanently listed, exempt from certification | Use: Foods | RESTRICTIONS: Salmonid feed, NTE 110 mg/kg, equivalent to 80 mg/kg astaxanthin. | End Notes Detail: none | Other names: ♦ 3,3'-bis(4-methoxy-1,4-dioxybutoxy)-beta,beta-carotene-4,4'-dione, (3R,3'R)-(+-)- ♦ beta,beta-carotene-4,4'-dione, 3,3'-bis(4-methoxy-1,4-dioxybutoxy)-, (3R,3'R)-(+-)- ♦ 3,3'-bis(4-methoxy-1,4-dioxybutoxy)-β,β-carotene-4,4'-dione, (3R,3'R)-(+-)- | RegnumCA1: 73.37 | Citation 1a: 72 FR 68166 | Date FR 1a inc estimates: 12/04/2007 | Action 1a: Notice of Filing | Citation 1b: 72 FR 73028 | Date FR 1b: 12/26/2007 | Action 1b: Correction | Citation 1c: 74 FR 57248 | Date FR 1c: 11/05/2009 | Action 1c: Final Rule | Citation 1d: 75 FR 5887 | Date FR 1d: 02/05/2010 | Action 1d: Final Rule; confirmation of effective date | Limitations 1: In the feed of salmonid to enhance color of flesh not to exceed 110 mg/kg which is equivalent to 80 mg/kg astaxanthin of finished product.","vocabulary: fda_color_additives Astaxanthin Dimethyldisuccinate","",""
"D fda_color","ing_astaxanthin_dimethyldisuccinate","Astaxanthin Dimethyldisuccinate","status US_FDA","Permanently listed, exempt from certification","21 CFR 73.37","https://www.ecfr.gov/current/title-21/section-73.37","CAS Reg No or other ID code: 578006-46-9 | Color: Astaxanthin Dimethyldisuccinate | Status: Permanently listed, exempt from certification | Use: Foods | RESTRICTIONS: Salmonid feed, NTE 110 mg/kg, equivalent to 80 mg/kg astaxanthin. | End Notes Detail: none | Other names: ♦ 3,3'-bis(4-methoxy-1,4-dioxybutoxy)-beta,beta-carotene-4,4'-dione, (3R,3'R)-(+-)- ♦ beta,beta-carotene-4,4'-dione, 3,3'-bis(4-methoxy-1,4-dioxybutoxy)-, (3R,3'R)-(+-)- ♦ 3,3'-bis(4-methoxy-1,4-dioxybutoxy)-β,β-carotene-4,4'-dione, (3R,3'R)-(+-)- | RegnumCA1: 73.37 | Citation 1a: 72 FR 68166 | Date FR 1a inc estimates: 12/04/2007 | Action 1a: Notice of Filing | Citation 1b: 72 FR 73028 | Date FR 1b: 12/26/2007 | Action 1b: Correction | Citation 1c: 74 FR 57248 | Date FR 1c: 11/05/2009 | Action 1c: Final Rule | Citation 1d: 75 FR 5887 | Date FR 1d: 02/05/2010 | Action 1d: Final Rule; confirmation of effective date | Limitations 1: In the feed of salmonid to enhance color of flesh not to exceed 110 mg/kg which is equivalent to 80 mg/kg astaxanthin of finished product.","parsed: fda_color_additives Color Additive Status List: Astaxanthin Dimethyldisuccinate; 21 CFR 73.37","",""
"D fda_color","ing_myoglobin","Myoglobin","what it is / why used","Used in food to add, keep or enhance colour.","","","CAS Reg No or other ID code: 9008-45-1 | Color: Myoglobin | Status: Permanently listed, exempt from certification | Use: Foods | RESTRICTIONS: Ground meat and poultry analogues, NTE 2 % by weight of uncooked analogue. | RegnumCA1: 73.297 | Citation 1a: 87 FR 8222 | Date FR 1a inc estimates: 02/14/2022 | Action 1a: Notification of petition. | Citation 1b: 90 FR 5594 | Date FR 1b: 01/17/2025 | Action 1b: Final amendment; order | Citation 1c: 90 FR 22627 | Date FR 1c: 05/29/2025 | Action 1c: Final amendment; order; confirmation of effective date. | Limitations 1: Plant-based ground meat- and poultry-like food products.","vocabulary: fda_color_additives Myoglobin","",""
"D fda_color","ing_myoglobin","Myoglobin","status US_FDA","Permanently listed, exempt from certification","21 CFR 73.297","https://www.ecfr.gov/current/title-21/section-73.297","CAS Reg No or other ID code: 9008-45-1 | Color: Myoglobin | Status: Permanently listed, exempt from certification | Use: Foods | RESTRICTIONS: Ground meat and poultry analogues, NTE 2 % by weight of uncooked analogue. | RegnumCA1: 73.297 | Citation 1a: 87 FR 8222 | Date FR 1a inc estimates: 02/14/2022 | Action 1a: Notification of petition. | Citation 1b: 90 FR 5594 | Date FR 1b: 01/17/2025 | Action 1b: Final amendment; order | Citation 1c: 90 FR 22627 | Date FR 1c: 05/29/2025 | Action 1c: Final amendment; order; confirmation of effective date. | Limitations 1: Plant-based ground meat- and poultry-like food products.","parsed: fda_color_additives Color Additive Status List: Myoglobin; 21 CFR 73.297","",""
"D fda_color","ing_tagetes_aztec_marigold_extract","Tagetes (Aztec Marigold) Extract","what it is / why used","Used in food to add, keep or enhance colour.","","","CAS Reg No or other ID code: 977010-56-2 | Color: Tagetes (Aztec Marigold) Extract | See also: Tagetes Meal | Status: Permanently listed, exempt from certification | Use: Foods | RESTRICTIONS: Chicken feed. | END NOTES: 1 | RegnumCA1: 73.295 | Citation 1a: 31 FR 5069 | Date FR 1a inc estimates: 03/29/1966 | Action 1a: Final Rule | Citation 1b: 31 FR 7227 | Date FR 1b: 05/18/1966 | Action 1b: Final Rule; confirmation of effective date | Limitations 1: Use in chicken feed to enhance the yellow color of chicken skin and eggs GMP. Ethoxyquin content not to exceed 0.3% or 150ppm in final feed.","vocabulary: fda_color_additives Tagetes (Aztec Marigold) Extract","",""
"D fda_color","ing_tagetes_aztec_marigold_extract","Tagetes (Aztec Marigold) Extract","status US_FDA","Permanently listed, exempt from certification","21 CFR 73.295","https://www.ecfr.gov/current/title-21/section-73.295","CAS Reg No or other ID code: 977010-56-2 | Color: Tagetes (Aztec Marigold) Extract | See also: Tagetes Meal | Status: Permanently listed, exempt from certification | Use: Foods | RESTRICTIONS: Chicken feed. | END NOTES: 1 | RegnumCA1: 73.295 | Citation 1a: 31 FR 5069 | Date FR 1a inc estimates: 03/29/1966 | Action 1a: Final Rule | Citation 1b: 31 FR 7227 | Date FR 1b: 05/18/1966 | Action 1b: Final Rule; confirmation of effective date | Limitations 1: Use in chicken feed to enhance the yellow color of chicken skin and eggs GMP. Ethoxyquin content not to exceed 0.3% or 150ppm in final feed.","parsed: fda_color_additives Color Additive Status List: Tagetes (Aztec Marigold) Extract; 21 CFR 73.295","",""
